id,name,department,salary
1,Jack,Support,51645
2,Frank,Marketing,106910
3,David,Finance,86226
4,David,Engineering,92387
5,Alice,Support,81887
6,Ivy,Support,105775
7,Bob,Finance,82122
8,Eva,Finance,61338
9,Henry,Sales,90390
10,Carol,Operations,117628
11,Grace,Support,89465
12,Bob,Marketing,75511
13,Bob,Finance,66898
14,Jack,Operations,41259
15,Ivy,Finance,107157
16,Ivy,Support,65790
17,Grace,Sales,66276
18,Frank,Sales,95196
19,David,Sales,114551
20,Alice,Sales,102661
21,Frank,Support,75495
22,Henry,IT,92668
23,Bob,HR,61161
24,Bob,Finance,54258
25,David,Marketing,110065
26,Alice,IT,53299
27,Grace,Sales,43881
28,Grace,Support,46351
29,Alice,Finance,56551
30,Henry,Operations,97830
31,Frank,Engineering,75041
32,David,Sales,40787
33,Carol,Operations,117879
34,Frank,Support,50302
35,Grace,Operations,75059
36,Frank,HR,109718
37,Alice,Sales,81368
38,Eva,Support,41657
39,Grace,Marketing,111549
40,Grace,Support,41712
41,Eva,Support,43161
42,Grace,Operations,97556
43,Jack,Support,52530
44,Ivy,Engineering,76323
45,Grace,IT,59105
46,Alice,IT,112945
47,David,Support,78387
48,Henry,Engineering,62070
49,Eva,HR,42235
50,Alice,Marketing,56489
51,Jack,Operations,65836
52,Frank,Support,64212
53,Eva,Marketing,109990
54,Carol,Marketing,110082
55,David,Marketing,112594
56,Jack,Operations,116129
57,Ivy,Support,51054
58,Jack,Engineering,77723
59,Carol,Finance,107402
60,David,Marketing,86069
61,Alice,Finance,47687
62,Henry,Marketing,112464
63,David,Sales,94368
64,Bob,Sales,65270
65,Eva,Engineering,80489
66,Bob,HR,100721
67,Ivy,Engineering,117446
68,Grace,Engineering,57136
69,Alice,HR,46682
70,Alice,Marketing,119547
71,David,Sales,57766
72,Eva,HR,118763
73,Bob,Sales,93780
74,Alice,HR,64909
75,David,Marketing,90286
76,Henry,IT,63220
77,Frank,IT,54316
78,Jack,IT,59410
79,Carol,Support,53156
80,Frank,IT,95524
81,Alice,HR,108757
82,Jack,IT,114423
83,Eva,Engineering,71343
84,Bob,Engineering,89713
85,Jack,Finance,63153
86,Frank,Operations,106218
87,Grace,Support,43961
88,Carol,IT,106362
89,Eva,Operations,119967
90,Ivy,Marketing,82043
91,Eva,Finance,118981
92,Henry,IT,66551
93,Bob,Sales,51661
94,Henry,IT,83667
95,Alice,HR,92656
96,Grace,Support,106129
97,Jack,Engineering,108091
98,Bob,HR,116549
99,Henry,IT,48310
100,Eva,IT,75943
101,Grace,Sales,75602
102,Grace,Support,46796
103,Bob,Operations,118415
104,Jack,Sales,116777
105,Frank,IT,52948
106,Frank,Support,91925
107,Alice,Operations,98084
108,Eva,Engineering,103289
109,Henry,Engineering,51529
110,Ivy,IT,65222
111,Frank,Finance,69056
112,Grace,Sales,81300
113,Grace,Sales,117906
114,Ivy,Finance,66091
115,Alice,Sales,79454
116,Grace,Sales,72752
117,Eva,Operations,42090
118,Eva,Operations,111129
119,Carol,Marketing,109974
120,Grace,Support,104501
121,Jack,Support,77993
122,Grace,Operations,41004
123,Henry,IT,114775
124,David,Support,89546
125,Grace,HR,96676
126,Eva,IT,50654
127,Eva,IT,118381
128,Henry,Engineering,72812
129,Eva,Sales,51883
130,David,Finance,47345
131,Henry,Engineering,77555
132,Carol,Marketing,47862
133,Frank,Engineering,52528
134,Grace,Engineering,94584
135,Eva,Operations,58206
136,Alice,HR,64051
137,Eva,IT,51468
138,Jack,Operations,71835
139,Frank,Engineering,48835
140,Eva,Support,70532
141,Grace,Sales,115800
142,Grace,Engineering,102305
143,Alice,Engineering,64906
144,Eva,HR,114930
145,Henry,Support,114508
146,Alice,Marketing,87455
147,Frank,HR,66173
148,Carol,Marketing,55787
149,Bob,Finance,49878
150,Eva,Support,99409
151,Bob,IT,104982
152,Ivy,Sales,61288
153,Eva,HR,63311
154,Ivy,Finance,83870
155,Frank,IT,98036
156,Alice,HR,117110
157,Henry,HR,100730
158,David,Marketing,91840
159,Carol,Engineering,72550
160,Carol,Marketing,57990
161,Henry,IT,89052
162,Henry,Sales,63308
163,Jack,HR,63176
164,Jack,IT,86461
165,Jack,Support,93650
166,Eva,Finance,82700
167,Eva,Support,105511
168,Henry,Sales,79022
169,Henry,IT,75060
170,David,Engineering,80064
171,Alice,Operations,77569
172,Eva,Operations,95207
173,Ivy,Support,102226
174,Carol,Engineering,62608
175,Ivy,Marketing,109810
176,Bob,Operations,47149
177,Alice,Engineering,41289
178,Carol,Marketing,66039
179,Jack,Operations,51071
180,Bob,Operations,68489
181,Eva,Operations,116466
182,Ivy,IT,42171
183,Henry,Sales,57667
184,Eva,IT,67647
185,Eva,Marketing,74346
186,Grace,Support,68220
187,Jack,Marketing,54746
188,Eva,Sales,60150
189,Eva,Engineering,107670
190,Alice,Marketing,102937
191,Ivy,HR,40656
192,Frank,Support,57418
193,Carol,HR,46818
194,Grace,Marketing,102928
195,Ivy,Support,112959
196,Henry,IT,56460
197,Alice,HR,43346
198,Frank,Support,60619
199,David,HR,114241
200,Carol,Finance,63095
201,Ivy,Finance,65118
202,Frank,HR,82803
203,Grace,Support,93568
204,Jack,Marketing,110480
205,Bob,Support,43415
206,Jack,Support,100189
207,Carol,HR,63730
208,Grace,Operations,85874
209,David,IT,77069
210,Alice,HR,110889
211,Ivy,Finance,50235
212,Bob,Finance,111369
213,Henry,Marketing,112490
214,David,Support,59100
215,Carol,Marketing,47965
216,Jack,HR,72583
217,Carol,Marketing,66660
218,Carol,Support,79795
219,Henry,Operations,71639
220,Henry,Support,104333
221,Ivy,HR,84287
222,Eva,Support,101939
223,Frank,IT,60096
224,Bob,HR,103876
225,Jack,HR,116479
226,David,Operations,69023
227,Bob,Finance,84332
228,Ivy,Sales,51913
229,David,Operations,98888
230,Carol,Sales,92202
231,Alice,Engineering,111983
232,Alice,Support,43173
233,Carol,HR,43290
234,Ivy,IT,67847
235,Henry,HR,89762
236,Ivy,Engineering,50369
237,Ivy,Marketing,64353
238,Bob,IT,117954
239,Henry,Finance,65700
240,Bob,Sales,75386
241,Bob,Finance,98475
242,Frank,Sales,68880
243,Frank,IT,81698
244,Ivy,Marketing,75699
245,Eva,Marketing,57545
246,Jack,Sales,83304
247,Ivy,Marketing,41924
248,Jack,Engineering,96254
249,Ivy,Sales,52343
250,Alice,Support,92029
251,Alice,HR,43787
252,Ivy,Marketing,54027
253,Eva,Sales,101953
254,David,Marketing,52515
255,David,Finance,40791
256,Eva,Engineering,49075
257,Eva,HR,52153
258,Bob,HR,50164
259,Bob,Engineering,73118
260,Eva,Support,108925
261,Alice,Finance,89572
262,Henry,HR,97600
263,Grace,Finance,62196
264,Eva,Sales,51404
265,David,Sales,116719
266,David,Finance,116551
267,David,Finance,47212
268,Frank,Operations,48589
269,David,Finance,78198
270,Carol,Marketing,43196
271,Carol,IT,48966
272,David,Sales,98522
273,David,Sales,94941
274,Frank,Finance,94221
275,David,Finance,114061
276,Henry,Finance,91396
277,Grace,Marketing,87361
278,Frank,Operations,60300
279,Bob,Engineering,75975
280,Ivy,Marketing,100411
281,David,Operations,114780
282,David,HR,65794
283,Carol,Sales,55422
284,Bob,Support,70142
285,Ivy,IT,90232
286,Jack,Engineering,118261
287,Eva,HR,54412
288,Grace,Marketing,90169
289,Frank,Engineering,87033
290,Frank,HR,67893
291,Bob,Support,81471
292,Carol,Support,93784
293,Bob,Operations,69027
294,Frank,Engineering,70273
295,Bob,Marketing,87610
296,Grace,Engineering,88104
297,Ivy,Support,61215
298,Jack,HR,59782
299,Grace,Sales,78757
300,Ivy,HR,40121
301,Grace,Sales,42312
302,Eva,IT,69307
303,David,Engineering,50800
304,Grace,Finance,75033
305,Bob,Support,45076
306,Ivy,Support,59314
307,Bob,Marketing,58030
308,Bob,Marketing,68645
309,Bob,Sales,53180
310,Frank,IT,100354
311,Alice,Engineering,93852
312,David,Sales,55865
313,Jack,Support,105215
314,Frank,HR,97104
315,Henry,Sales,58530
316,Grace,IT,77846
317,Bob,Support,91262
318,Carol,Finance,49035
319,Alice,Engineering,115691
320,Alice,IT,84616
321,Frank,IT,75255
322,Jack,Operations,71499
323,Bob,Operations,58661
324,Carol,HR,67343
325,Carol,Marketing,55278
326,Alice,IT,119785
327,Jack,Operations,116591
328,Alice,Operations,45775
329,Frank,Engineering,61980
330,Eva,IT,56736
331,Eva,Sales,82044
332,Grace,HR,43870
333,Ivy,Engineering,87743
334,Eva,Operations,85062
335,Ivy,Operations,66056
336,Alice,Finance,92032
337,David,Sales,64030
338,Jack,Marketing,42746
339,Carol,HR,47377
340,Jack,Support,64593
341,Eva,HR,58069
342,Jack,Operations,105163
343,Bob,IT,65754
344,Ivy,Support,97925
345,Carol,Sales,58848
346,Frank,Engineering,108991
347,Jack,Finance,54031
348,David,Support,53477
349,Eva,Sales,55375
350,Henry,Marketing,80358
351,Henry,HR,46225
352,Grace,Marketing,109369
353,Eva,Operations,89811
354,Carol,Engineering,82145
355,Frank,Engineering,86556
356,Henry,Sales,72642
357,Alice,Support,99077
358,Alice,Support,56590
359,Jack,Sales,102175
360,Bob,Operations,117007
361,Carol,Marketing,85310
362,David,Finance,92837
363,Alice,HR,74952
364,Grace,Sales,47603
365,Ivy,Operations,109693
366,Frank,Support,77589
367,Eva,Support,105190
368,Jack,HR,104281
369,Alice,Engineering,62429
370,David,Marketing,108887
371,Henry,Engineering,95776
372,Carol,IT,72216
373,Ivy,Sales,71864
374,Eva,Finance,51780
375,Bob,HR,90066
376,Jack,HR,119695
377,Carol,Operations,88909
378,David,Support,74606
379,Eva,Engineering,110009
380,Grace,IT,95563
381,Bob,Support,118905
382,Bob,Finance,111560
383,Jack,IT,79353
384,Bob,Engineering,97826
385,Carol,Sales,61837
386,David,Marketing,116053
387,Grace,Engineering,65794
388,Jack,Sales,56357
389,Henry,HR,85480
390,Carol,Engineering,108148
391,Ivy,Sales,87595
392,Alice,Support,77712
393,Jack,Support,60132
394,Ivy,Operations,119921
395,Carol,Finance,57496
396,Grace,Engineering,54532
397,David,IT,91756
398,Eva,Engineering,45695
399,Jack,HR,96116
400,Alice,Engineering,72412
401,Henry,Finance,99801
402,Carol,Support,90592
403,Eva,Engineering,89032
404,Grace,Engineering,57170
405,Henry,Support,108720
406,Eva,Sales,86110
407,Jack,IT,85131
408,Grace,Operations,58514
409,Henry,Finance,87684
410,Bob,IT,96877
411,Alice,Finance,87627
412,Ivy,Finance,40782
413,David,Sales,77998
414,David,Operations,82573
415,Eva,Sales,61615
416,Alice,Operations,79677
417,David,Marketing,112078
418,Ivy,IT,62864
419,Grace,Operations,78688
420,Frank,Operations,99158
421,Henry,Finance,113154
422,David,HR,91303
423,Ivy,Marketing,99804
424,Ivy,IT,70482
425,Henry,HR,60899
426,Grace,HR,87781
427,Frank,Engineering,80477
428,Alice,Operations,103166
429,Frank,Support,78238
430,Jack,Engineering,78165
431,Eva,Finance,103949
432,Alice,Operations,111559
433,Bob,Support,41367
434,Frank,Support,110701
435,Grace,Support,41503
436,Ivy,IT,91382
437,Bob,Finance,45069
438,Alice,Marketing,97496
439,David,IT,46281
440,Eva,IT,41585
441,Carol,IT,83610
442,Jack,Sales,60055
443,Grace,Marketing,62828
444,Jack,Operations,91707
445,Grace,Engineering,108966
446,Alice,Marketing,89193
447,Alice,Operations,80133
448,Jack,Support,111825
449,David,Sales,83580
450,Ivy,IT,61083
451,David,HR,85385
452,Grace,HR,40954
453,Grace,Sales,88536
454,Ivy,Marketing,112866
455,Ivy,Sales,103113
456,Carol,Operations,71121
457,Bob,Sales,50361
458,Jack,Support,87389
459,David,Operations,112523
460,Carol,Operations,111928
461,Henry,Sales,112722
462,Ivy,Finance,98118
463,Grace,Finance,94762
464,Eva,Finance,74211
465,Alice,Engineering,82348
466,Henry,Support,75461
467,Eva,HR,114551
468,Carol,IT,69660
469,Eva,Support,104136
470,Carol,Sales,50034
471,Frank,HR,62586
472,Alice,HR,82633
473,Alice,Support,93830
474,Carol,Support,88899
475,David,IT,109685
476,Alice,Engineering,58689
477,Ivy,IT,49030
478,Carol,Engineering,59569
479,Henry,Engineering,66419
480,Eva,Finance,95419
481,Grace,Engineering,50633
482,Ivy,HR,110817
483,Frank,Operations,105442
484,Henry,Finance,90522
485,Henry,Sales,72652
486,Ivy,Operations,58410
487,Frank,Operations,56256
488,Bob,Operations,62976
489,Bob,Sales,112623
490,Bob,Marketing,47514
491,Ivy,Support,90256
492,Bob,Sales,74260
493,Alice,Sales,51969
494,Jack,IT,117396
495,Carol,Finance,89626
496,Jack,Marketing,90786
497,Eva,Finance,90752
498,Carol,Operations,77569
499,Alice,Sales,40754
500,Grace,Operations,84217
501,Grace,HR,95274
502,Frank,Engineering,107840
503,Jack,Support,89648
504,Carol,HR,74814
505,Jack,Engineering,81494
506,Frank,Support,99775
507,David,Marketing,51463
508,Jack,Sales,57057
509,Frank,IT,118013
510,Carol,IT,111406
511,Henry,IT,102587
512,Henry,Finance,62641
513,Jack,Marketing,53941
514,Eva,IT,54832
515,Alice,Support,115748
516,Jack,HR,73017
517,Ivy,Marketing,56657
518,David,Support,51320
519,Jack,Support,71026
520,Alice,Marketing,69434
521,Alice,Engineering,48547
522,Carol,IT,108725
523,Alice,Marketing,83987
524,Eva,HR,111829
525,Eva,Engineering,114765
526,Grace,Marketing,57385
527,Grace,IT,115036
528,Bob,Finance,61754
529,Frank,Marketing,55536
530,Carol,Support,86229
531,Frank,Engineering,74422
532,Jack,HR,87518
533,Jack,HR,51972
534,Bob,Operations,70395
535,Jack,Marketing,113754
536,Bob,HR,63314
537,Eva,Engineering,47930
538,Alice,IT,76978
539,Carol,Marketing,65692
540,Carol,Sales,104594
541,Grace,IT,102295
542,Alice,Sales,88109
543,Henry,Finance,70483
544,Eva,Engineering,69232
545,Ivy,Finance,111615
546,Carol,Sales,104883
547,Jack,IT,85781
548,Carol,HR,49639
549,Frank,IT,89416
550,Bob,Marketing,40269
551,Jack,Sales,90096
552,Carol,Operations,113813
553,Frank,Operations,110419
554,Henry,Operations,63972
555,Bob,IT,88198
556,Eva,Operations,52176
557,Jack,Operations,58498
558,David,Support,90301
559,Alice,Sales,106651
560,David,Engineering,70772
561,Bob,IT,77596
562,Bob,Sales,107583
563,Carol,HR,42008
564,Bob,Sales,65190
565,Henry,HR,92276
566,Ivy,IT,47834
567,Ivy,Engineering,103672
568,Alice,HR,70348
569,Carol,HR,103616
570,Jack,Marketing,58366
571,Bob,Support,58727
572,Henry,Operations,76732
573,Henry,Operations,116728
574,Henry,Support,119289
575,Jack,Engineering,100816
576,David,Operations,54906
577,Jack,Operations,56549
578,Grace,Finance,116792
579,Eva,Engineering,66495
580,Frank,Operations,92852
581,Ivy,Support,98486
582,Bob,Operations,102920
583,Eva,Marketing,73293
584,Alice,Operations,76713
585,Bob,Finance,111757
586,Henry,Support,112567
587,Ivy,Operations,54416
588,Ivy,HR,63334
589,Frank,Finance,49300
590,David,IT,109603
591,Frank,Finance,101005
592,Carol,Support,117048
593,Carol,Marketing,88805
594,Alice,Support,84254
595,Bob,Support,98869
596,Bob,Operations,101408
597,Frank,Marketing,95267
598,Alice,Operations,48696
599,Bob,Operations,69057
600,Alice,Support,59277
601,Frank,Sales,48988
602,David,Marketing,97505
603,Jack,Engineering,42487
604,Bob,Engineering,58837
605,Henry,Engineering,53225
606,Carol,Support,44872
607,Henry,Support,48903
608,Jack,Finance,110539
609,Carol,Operations,109019
610,Carol,Engineering,42577
611,Ivy,Support,100162
612,Ivy,IT,81626
613,Henry,Operations,48708
614,Henry,Sales,78750
615,Frank,Finance,43790
616,Carol,Sales,84117
617,Grace,Engineering,110849
618,Eva,Operations,91844
619,Frank,Operations,75379
620,Ivy,Operations,55228
621,Jack,Marketing,115990
622,Carol,HR,43188
623,Ivy,Marketing,78865
624,Alice,Finance,101596
625,Carol,Support,68261
626,Grace,Operations,82878
627,Carol,Sales,48772
628,Henry,Sales,105901
629,Carol,Marketing,61404
630,Frank,HR,69664
631,Frank,IT,119397
632,Bob,HR,49527
633,Alice,Finance,107554
634,Jack,Marketing,53776
635,Grace,Sales,82766
636,Alice,Support,119228
637,Frank,IT,46770
638,Bob,Support,57561
639,Henry,IT,58334
640,Eva,Sales,77049
641,Frank,Operations,92890
642,Henry,Finance,101602
643,David,Operations,109252
644,Eva,HR,106275
645,Bob,Engineering,84583
646,David,Operations,40387
647,Eva,Marketing,76761
648,Henry,Finance,74613
649,Bob,IT,110105
650,Alice,Sales,102614
651,Henry,Marketing,73029
652,Bob,Engineering,42797
653,Bob,Finance,82087
654,Bob,HR,83499
655,Eva,Operations,92551
656,Frank,IT,55898
657,David,Engineering,76309
658,David,Engineering,44320
659,Grace,Marketing,68749
660,Grace,Sales,56790
661,Eva,HR,109842
662,Bob,HR,112851
663,Frank,Marketing,52407
664,David,Support,75290
665,Alice,Support,93311
666,Ivy,HR,46753
667,Bob,Support,56177
668,David,Support,74416
669,Ivy,Support,117191
670,Ivy,Sales,74877
671,Henry,Operations,96324
672,Ivy,IT,47466
673,Frank,IT,89456
674,David,Marketing,75699
675,Henry,Finance,119572
676,Eva,Sales,102248
677,Eva,Sales,80098
678,Ivy,Operations,79880
679,Jack,Support,41736
680,Carol,Finance,118347
681,Grace,Finance,55405
682,David,Finance,102212
683,Frank,Engineering,71696
684,Jack,HR,44177
685,Grace,Finance,46345
686,Alice,Marketing,105538
687,Frank,IT,86831
688,Alice,Operations,100481
689,Jack,HR,76990
690,Henry,Sales,69620
691,David,Finance,92672
692,David,IT,88642
693,David,Sales,73902
694,Grace,HR,52451
695,Grace,Operations,85729
696,Frank,Marketing,61425
697,Alice,Support,83976
698,David,Engineering,93744
699,Ivy,Marketing,53564
700,Jack,Sales,46082
701,David,Support,56666
702,Alice,IT,116333
703,Frank,Operations,48014
704,Carol,Support,78036
705,Grace,Marketing,51456
706,Frank,Sales,51906
707,Eva,IT,81370
708,Jack,HR,47170
709,Henry,Operations,70546
710,Eva,Sales,58011
711,Eva,Operations,100021
712,Carol,Support,116500
713,Ivy,Marketing,59032
714,Frank,Engineering,102626
715,Jack,Support,42304
716,Alice,IT,79351
717,David,IT,92144
718,Alice,Support,113826
719,David,Finance,62034
720,Jack,Sales,105377
721,Alice,HR,71310
722,Jack,IT,93482
723,Ivy,Finance,47507
724,Bob,HR,82554
725,Eva,HR,42240
726,Ivy,Marketing,99164
727,Eva,Engineering,51209
728,Alice,Finance,55649
729,Grace,HR,103982
730,Ivy,Marketing,73443
731,David,Support,54166
732,Eva,Sales,112979
733,Henry,IT,67121
734,Grace,Support,59652
735,Bob,Engineering,45780
736,Ivy,HR,102946
737,David,Finance,46276
738,Jack,IT,49336
739,Ivy,Finance,71651
740,Frank,Engineering,92432
741,Grace,IT,75393
742,Jack,HR,53298
743,Jack,HR,112219
744,Alice,Sales,99894
745,Henry,Engineering,103033
746,Carol,Operations,90404
747,Bob,Operations,76065
748,Grace,Operations,97318
749,Grace,Operations,96250
750,Eva,HR,92925
751,Eva,Marketing,107664
752,Bob,Sales,85240
753,Alice,Finance,103713
754,Frank,Sales,98244
755,Eva,Engineering,71873
756,Bob,Support,111715
757,Bob,Sales,58678
758,Bob,Engineering,56060
759,Frank,HR,47871
760,Bob,IT,61986
761,Carol,Finance,87492
762,Alice,Support,45677
763,Henry,Support,89013
764,Alice,Engineering,110104
765,Carol,Marketing,55811
766,Jack,Engineering,91266
767,Jack,Marketing,118655
768,Carol,HR,110106
769,Henry,IT,73901
770,Grace,Finance,73694
771,Bob,Finance,44055
772,Jack,HR,93461
773,Grace,Support,47250
774,Jack,Operations,72054
775,David,Operations,85488
776,Carol,Engineering,45121
777,Eva,Finance,93439
778,Frank,Engineering,119680
779,Carol,IT,97502
780,Alice,Finance,63462
781,David,Marketing,89639
782,Henry,Sales,46256
783,Bob,Sales,109624
784,Carol,IT,108004
785,Carol,IT,40889
786,Grace,Engineering,91676
787,Jack,IT,54357
788,David,Operations,114154
789,Jack,IT,92807
790,Frank,Operations,60335
791,David,Support,95376
792,Grace,Marketing,58515
793,Carol,Marketing,62614
794,David,HR,44109
795,David,IT,64980
796,David,Finance,40853
797,David,Finance,82184
798,Ivy,Marketing,92920
799,Jack,IT,109089
800,Frank,Engineering,50692
801,Eva,HR,61932
802,Jack,Sales,117825
803,Alice,Support,81168
804,David,Operations,68394
805,Jack,Support,76085
806,Alice,Sales,105334
807,Alice,HR,94929
808,Ivy,HR,67522
809,Carol,Engineering,43865
810,Jack,IT,84138
811,Ivy,Finance,88276
812,Grace,Marketing,119126
813,Frank,Operations,98610
814,David,Operations,90641
815,Frank,HR,100981
816,David,Operations,70649
817,Grace,Marketing,98729
818,David,Engineering,91115
819,Ivy,IT,53330
820,Frank,Operations,102548
821,Jack,Sales,52691
822,Jack,Marketing,98117
823,Bob,IT,114883
824,Grace,Finance,64101
825,David,Operations,47074
826,Carol,Marketing,102860
827,Ivy,Finance,101552
828,Grace,Engineering,91956
829,Carol,HR,52864
830,Alice,Support,82886
831,Grace,Operations,46350
832,Henry,IT,81643
833,Henry,IT,58260
834,Eva,HR,40811
835,Grace,Finance,56275
836,Alice,Engineering,99996
837,Eva,IT,78538
838,Eva,Sales,118504
839,Jack,Sales,99873
840,Jack,IT,61784
841,Frank,Sales,65432
842,Ivy,Engineering,57113
843,Jack,Support,91340
844,Eva,HR,61976
845,Jack,Engineering,68766
846,Frank,Operations,97705
847,Frank,Engineering,75210
848,David,Finance,67700
849,Ivy,HR,62061
850,Henry,Support,106199
851,Eva,Finance,42314
852,Carol,Support,84075
853,David,Sales,76632
854,Jack,Operations,69343
855,Ivy,HR,68493
856,David,Operations,108131
857,Grace,Engineering,94154
858,Alice,Finance,54551
859,Alice,Sales,89359
860,Frank,Support,118806
861,David,HR,44790
862,Grace,Sales,74554
863,Alice,Engineering,80351
864,Carol,Finance,50256
865,Eva,Engineering,111477
866,Ivy,Marketing,77862
867,Alice,Support,115504
868,Carol,Engineering,114679
869,Eva,Marketing,72861
870,Grace,Support,47053
871,Eva,Operations,41647
872,Eva,Finance,52125
873,Jack,Support,73807
874,Jack,Finance,93960
875,Alice,Finance,92654
876,Ivy,Marketing,97756
877,Jack,Marketing,77246
878,Grace,Engineering,54441
879,Carol,Support,73012
880,Alice,Marketing,114938
881,David,Operations,98773
882,Henry,Engineering,69933
883,Ivy,IT,68514
884,Grace,Finance,79851
885,David,Engineering,69122
886,Bob,Operations,112922
887,Frank,Operations,115957
888,Alice,Engineering,82422
889,David,Operations,53677
890,Grace,Marketing,104939
891,Henry,Support,59376
892,Eva,Finance,59595
893,Henry,IT,44547
894,Bob,Finance,78972
895,Henry,Support,62588
896,Eva,Engineering,83932
897,Grace,Operations,45170
898,Frank,IT,45152
899,Henry,Engineering,75152
900,Carol,IT,118730
901,Bob,Sales,59555
902,Frank,Sales,61018
903,Ivy,HR,44162
904,Grace,Finance,59065
905,Alice,Marketing,40943
906,Carol,Operations,47159
907,Jack,Engineering,109636
908,Bob,Finance,93861
909,Carol,Support,96760
910,David,Engineering,44777
911,David,HR,112796
912,David,IT,73431
913,Ivy,Operations,54156
914,Alice,IT,95867
915,Carol,Marketing,105654
916,Ivy,Engineering,81803
917,Alice,Operations,90647
918,Ivy,HR,105669
919,David,Marketing,44766
920,Frank,Finance,108633
921,Alice,Marketing,74783
922,Frank,Marketing,85760
923,Carol,Sales,98914
924,Henry,IT,99792
925,Carol,Marketing,110569
926,Henry,Finance,43081
927,Grace,IT,46725
928,Carol,Marketing,115281
929,Alice,Engineering,49781
930,Ivy,Operations,118379
931,Frank,Marketing,111757
932,Grace,Finance,100563
933,Jack,Engineering,103315
934,Grace,Marketing,59925
935,Jack,Marketing,73453
936,Frank,Support,95810
937,Carol,HR,62121
938,Grace,Sales,106875
939,Carol,Engineering,92218
940,Frank,IT,43489
941,Henry,Operations,47701
942,Eva,Support,89152
943,Jack,Marketing,56549
944,Bob,Operations,63731
945,Henry,HR,87091
946,Ivy,Support,112939
947,Jack,Sales,108669
948,Alice,Finance,94165
949,Jack,HR,88813
950,Eva,Operations,56410
951,Jack,HR,112012
952,David,Sales,56688
953,Jack,IT,82191
954,Jack,Finance,71164
955,Frank,HR,110738
956,Grace,Sales,97816
957,Henry,IT,115120
958,Henry,HR,73248
959,Bob,Sales,102451
960,Grace,Support,85866
961,Jack,IT,61788
962,Henry,Support,61672
963,Henry,Operations,68389
964,Henry,HR,52878
965,Eva,Support,50975
966,Alice,Engineering,92201
967,Jack,Marketing,70751
968,Henry,HR,75203
969,Jack,Operations,96696
970,Alice,Engineering,72472
971,Frank,Engineering,41327
972,Ivy,Sales,90326
973,Carol,Engineering,95917
974,Jack,Sales,40077
975,Alice,Operations,95983
976,Grace,Support,118127
977,Eva,Support,74333
978,David,Sales,109870
979,David,HR,98767
980,Frank,Engineering,47078
981,Henry,Support,106352
982,Frank,Operations,119494
983,Frank,IT,110875
984,Carol,HR,111876
985,Henry,Marketing,79700
986,Alice,Support,47060
987,David,Support,96681
988,Eva,HR,102930
989,Alice,Finance,86672
990,Bob,Finance,103728
991,Alice,Operations,42732
992,Grace,Support,72837
993,Grace,Finance,74644
994,Grace,IT,91271
995,Frank,Operations,48697
996,Bob,IT,44655
997,David,Engineering,62687
998,Jack,Sales,114830
999,Bob,Marketing,84699
1000,Alice,Engineering,52489
1001,Carol,IT,115905
1002,Jack,Operations,110935
1003,Jack,Finance,57462
1004,Alice,Sales,106041
1005,Grace,Sales,53515
1006,Jack,IT,106534
1007,Jack,Operations,70533
1008,Grace,Finance,114650
1009,Alice,HR,99336
1010,Frank,IT,92641
1011,Grace,Sales,111356
1012,Henry,HR,99409
1013,Alice,Finance,89459
1014,Ivy,Operations,47610
1015,Jack,Engineering,91112
1016,Ivy,HR,45619
1017,Alice,Marketing,59681
1018,Henry,Sales,111373
1019,David,Marketing,101835
1020,Eva,HR,87615
1021,Eva,Sales,56577
1022,Frank,HR,109586
1023,Alice,Marketing,55914
1024,Jack,Marketing,78698
1025,Alice,Support,61214
1026,Carol,HR,49487
1027,Henry,Sales,78581
1028,Alice,Finance,91283
1029,Frank,Engineering,90302
1030,Jack,Marketing,40029
1031,Frank,Support,109095
1032,Henry,IT,94418
1033,Ivy,Operations,97584
1034,Bob,Sales,79639
1035,Alice,Finance,52992
1036,Henry,HR,108012
1037,Jack,Sales,77169
1038,Alice,Sales,40385
1039,Frank,Operations,63655
1040,Eva,IT,43261
1041,Bob,Sales,91373
1042,Bob,Support,80834
1043,Carol,Support,40583
1044,Henry,Finance,93260
1045,Bob,Operations,62263
1046,Jack,HR,63233
1047,Carol,Marketing,41814
1048,Jack,Sales,107856
1049,Frank,HR,91403
1050,Frank,HR,110885
1051,Jack,Finance,89725
1052,Eva,Finance,101106
1053,Alice,Sales,118800
1054,Jack,Support,74360
1055,Carol,Support,108565
1056,Henry,IT,67307
1057,Jack,Support,110173
1058,Alice,Marketing,103572
1059,Ivy,HR,50064
1060,Grace,IT,47639
1061,Ivy,Support,64204
1062,Frank,Sales,73877
1063,Henry,Finance,45627
1064,Bob,HR,98971
1065,David,Operations,43755
1066,Jack,HR,57156
1067,Carol,IT,102404
1068,Carol,Support,88701
1069,Bob,Engineering,102606
1070,Henry,IT,88547
1071,Frank,HR,107720
1072,David,Support,50609
1073,Ivy,IT,41882
1074,Grace,Operations,68324
1075,Henry,Operations,92333
1076,Henry,Sales,101783
1077,Frank,Sales,70240
1078,Jack,Sales,88009
1079,Frank,HR,54906
1080,Jack,Operations,104584
1081,Grace,Support,102588
1082,Jack,Marketing,79880
1083,Bob,Operations,59598
1084,Alice,Engineering,73256
1085,Grace,HR,112113
1086,Eva,Sales,115277
1087,Jack,Sales,65651
1088,Alice,Finance,42780
1089,Alice,HR,112624
1090,David,HR,73144
1091,Eva,HR,114379
1092,Jack,Engineering,107377
1093,Jack,Marketing,49078
1094,Eva,Operations,104069
1095,Grace,IT,56462
1096,Ivy,Finance,44240
1097,Jack,Marketing,96244
1098,Alice,Operations,60503
1099,David,Sales,75477
1100,Bob,Operations,108912
1101,Eva,Marketing,102658
1102,Ivy,Engineering,91438
1103,Alice,Sales,54581
1104,Bob,IT,89396
1105,Frank,IT,81408
1106,Carol,Engineering,41216
1107,David,IT,92952
1108,Grace,Finance,60530
1109,Alice,Marketing,58275
1110,Henry,Sales,57106
1111,Carol,Operations,101403
1112,Alice,HR,50830
1113,Jack,IT,64409
1114,Alice,Support,109728
1115,Ivy,Sales,95391
1116,Alice,HR,61816
1117,Jack,Support,41325
1118,Carol,Finance,49713
1119,Frank,Engineering,73159
1120,Frank,HR,115961
1121,Henry,Support,116243
1122,Carol,Marketing,99347
1123,Eva,Sales,51001
1124,David,Support,115737
1125,Ivy,Support,70719
1126,Ivy,Operations,84384
1127,Frank,Support,71239
1128,Grace,IT,79401
1129,Grace,Sales,76234
1130,Alice,HR,78402
1131,Grace,Support,47491
1132,Grace,Marketing,49540
1133,Carol,Engineering,71089
1134,Carol,Support,77712
1135,Jack,IT,56779
1136,Carol,Operations,102022
1137,Bob,HR,69612
1138,David,Marketing,92153
1139,Henry,Support,45766
1140,Jack,HR,75719
1141,Ivy,Marketing,41354
1142,Alice,Operations,84187
1143,Carol,Sales,42809
1144,Alice,Operations,89100
1145,Jack,Finance,53374
1146,Carol,HR,75043
1147,Alice,Operations,101034
1148,Henry,Sales,102907
1149,David,Operations,99523
1150,Grace,HR,119878
1151,Jack,Marketing,58126
1152,Alice,Sales,41451
1153,Alice,Finance,101577
1154,Ivy,Marketing,85146
1155,Ivy,Operations,67096
1156,Carol,Finance,95422
1157,Frank,Marketing,92228
1158,Eva,Support,94161
1159,Carol,HR,103807
1160,Grace,Operations,50563
1161,Carol,Support,89810
1162,Grace,Marketing,73223
1163,Eva,Support,65933
1164,Alice,Finance,53143
1165,Bob,Engineering,67675
1166,David,Support,93531
1167,Grace,Finance,53449
1168,Henry,Support,73017
1169,Grace,Support,73796
1170,Ivy,Operations,103398
1171,David,Engineering,55792
1172,Alice,Finance,105826
1173,Jack,IT,54369
1174,Frank,Engineering,93462
1175,Grace,Operations,103614
1176,Eva,Operations,77061
1177,David,Marketing,87787
1178,Henry,HR,116640
1179,Frank,IT,50289
1180,Eva,Engineering,79369
1181,Carol,Finance,66141
1182,Eva,Finance,42693
1183,David,Sales,86468
1184,Alice,IT,55259
1185,Jack,Finance,111770
1186,Carol,Marketing,67954
1187,Ivy,Marketing,118010
1188,Bob,Marketing,89297
1189,Jack,Engineering,119148
1190,Alice,IT,104813
1191,Grace,HR,68296
1192,Henry,Sales,116863
1193,Carol,IT,86714
1194,Jack,IT,111459
1195,Ivy,HR,42099
1196,Eva,Operations,53851
1197,Ivy,IT,59135
1198,David,Marketing,91124
1199,Henry,HR,42220
1200,Henry,Marketing,109721
1201,Frank,HR,94525
1202,Henry,IT,41270
1203,Grace,Marketing,60194
1204,Bob,IT,116837
1205,Bob,Sales,71308
1206,Carol,IT,69006
1207,Jack,Finance,62736
1208,Ivy,HR,101397
1209,Carol,Engineering,51443
1210,Henry,Marketing,45465
1211,Jack,Operations,99641
1212,Jack,Operations,80042
1213,Bob,Operations,117690
1214,Eva,Marketing,103487
1215,Frank,HR,87293
1216,Frank,Sales,57040
1217,Bob,Finance,60533
1218,Ivy,IT,62599
1219,Henry,Finance,112037
1220,Henry,Support,41956
1221,Frank,IT,104456
1222,Ivy,Finance,99782
1223,Jack,Engineering,84982
1224,Frank,Engineering,48262
1225,David,Marketing,53586
1226,Grace,Engineering,66167
1227,Alice,Support,104680
1228,David,Marketing,41802
1229,Eva,Engineering,59703
1230,Henry,Engineering,110393
1231,Frank,Sales,97521
1232,Bob,IT,55269
1233,Henry,HR,99092
1234,Ivy,Finance,71022
1235,Eva,Support,71653
1236,Alice,Engineering,55661
1237,Eva,Marketing,90953
1238,Alice,HR,65802
1239,Alice,IT,47195
1240,Eva,Marketing,117124
1241,Frank,Marketing,115913
1242,David,Operations,116398
1243,David,Marketing,90086
1244,Henry,Sales,101109
1245,David,Sales,42925
1246,Henry,HR,60649
1247,David,HR,110582
1248,Ivy,Sales,70419
1249,David,Sales,49602
1250,Alice,Sales,71921
1251,Bob,Sales,41396
1252,Alice,Marketing,81058
1253,Bob,IT,117197
1254,Grace,Engineering,74681
1255,Henry,Finance,100482
1256,Grace,Operations,47835
1257,Jack,IT,41762
1258,Ivy,Operations,116689
1259,Alice,Engineering,51486
1260,Jack,Support,94775
1261,David,Engineering,112444
1262,Henry,Operations,71700
1263,Eva,Marketing,111183
1264,Eva,HR,66848
1265,Henry,Sales,101712
1266,Eva,HR,69573
1267,Eva,Marketing,85429
1268,Frank,Marketing,82136
1269,Bob,Engineering,48299
1270,Ivy,Sales,119896
1271,David,Engineering,44064
1272,Bob,Support,61998
1273,David,Operations,95507
1274,Jack,Sales,67687
1275,Carol,Sales,59440
1276,Carol,Sales,64521
1277,Grace,Engineering,48491
1278,Frank,Operations,81187
1279,Alice,Marketing,102269
1280,Eva,Sales,91743
1281,Henry,Sales,107711
1282,Henry,HR,117049
1283,Frank,Engineering,64478
1284,Alice,IT,46491
1285,Ivy,Sales,67380
1286,Grace,Operations,48414
1287,David,HR,87394
1288,Jack,Operations,103947
1289,Carol,Engineering,53674
1290,Alice,IT,65555
1291,Carol,IT,53825
1292,Ivy,Support,110527
1293,Ivy,Marketing,89300
1294,David,Engineering,43819
1295,Alice,Finance,114373
1296,Frank,Marketing,91132
1297,Alice,Finance,73270
1298,Carol,Finance,45362
1299,Ivy,Sales,98054
1300,Grace,Marketing,115857
1301,Ivy,Engineering,104401
1302,David,Sales,46370
1303,Eva,Finance,44747
1304,Eva,Operations,77394
1305,Jack,Operations,113968
1306,Grace,HR,75708
1307,David,Sales,105590
1308,Frank,Engineering,77129
1309,Bob,Support,83558
1310,Bob,Engineering,95342
1311,Jack,Finance,101251
1312,Ivy,Finance,113482
1313,Grace,Engineering,95920
1314,David,Engineering,100912
1315,Bob,HR,41107
1316,Frank,HR,42886
1317,Henry,Support,83239
1318,Grace,Engineering,82440
1319,Ivy,Engineering,63639
1320,Eva,Finance,76454
1321,Carol,IT,116369
1322,Carol,Operations,62897
1323,Bob,Marketing,54016
1324,David,Engineering,102850
1325,Grace,Sales,111007
1326,Grace,Sales,104405
1327,Jack,Engineering,85028
1328,Jack,Operations,77047
1329,Eva,Engineering,43967
1330,David,HR,43452
1331,Frank,Support,88295
1332,Bob,Support,76156
1333,David,Finance,42944
1334,Frank,Sales,118899
1335,Frank,Operations,105615
1336,Alice,Marketing,42953
1337,Jack,Finance,77068
1338,Eva,Support,76068
1339,Grace,Support,90613
1340,Grace,Finance,99142
1341,Alice,Finance,118474
1342,Grace,HR,91461
1343,Henry,Finance,115119
1344,Grace,Engineering,43687
1345,Alice,HR,71629
1346,Frank,Support,64161
1347,Henry,Finance,101028
1348,Frank,Engineering,102621
1349,Frank,IT,93959
1350,Grace,Marketing,75143
1351,Frank,Marketing,111475
1352,Alice,Sales,67693
1353,Eva,Sales,72795
1354,Frank,Finance,74774
1355,Grace,Finance,118943
1356,Grace,Sales,50255
1357,Frank,Marketing,64068
1358,Ivy,Finance,61835
1359,Eva,Support,64828
1360,Frank,Finance,66010
1361,Eva,Marketing,59484
1362,Alice,Marketing,98476
1363,David,Marketing,67463
1364,Grace,Support,104208
1365,Frank,Operations,114158
1366,Eva,IT,57305
1367,Eva,Finance,77878
1368,Eva,Support,106965
1369,Henry,Marketing,65177
1370,Ivy,IT,52147
1371,Jack,Marketing,74535
1372,David,Marketing,65901
1373,Jack,Operations,66283
1374,Eva,Marketing,43196
1375,Bob,HR,77941
1376,Henry,Operations,77940
1377,David,Engineering,111846
1378,Frank,Sales,40713
1379,Jack,Marketing,64264
1380,Frank,IT,47124
1381,Ivy,Sales,89631
1382,Bob,Engineering,91315
1383,Henry,HR,43736
1384,Carol,Marketing,52441
1385,Carol,Sales,115328
1386,Bob,Marketing,47974
1387,Eva,Support,50341
1388,Alice,Engineering,61623
1389,Bob,Marketing,52697
1390,Grace,Engineering,116748
1391,Bob,Engineering,72635
1392,Alice,Operations,103276
1393,Carol,Marketing,102736
1394,Bob,Finance,101843
1395,Grace,Sales,108218
1396,Jack,HR,77231
1397,Frank,HR,83069
1398,Carol,Engineering,93026
1399,Frank,Finance,63055
1400,David,IT,56883
1401,Ivy,Operations,112894
1402,Jack,Operations,104178
1403,Alice,IT,76671
1404,Frank,Marketing,93559
1405,Bob,HR,62483
1406,Frank,Engineering,101176
1407,Ivy,IT,117394
1408,Eva,IT,46592
1409,Alice,Support,112657
1410,Jack,Sales,92103
1411,Alice,Sales,108880
1412,Bob,Finance,89861
1413,Bob,HR,69601
1414,David,Support,74891
1415,Jack,Support,75515
1416,Ivy,Support,91295
1417,Grace,Operations,116929
1418,Alice,Marketing,58713
1419,Frank,Sales,101269
1420,David,Sales,101710
1421,Henry,Operations,86910
1422,Ivy,IT,44707
1423,David,Finance,43969
1424,Frank,IT,105482
1425,Bob,IT,84858
1426,Frank,Engineering,109034
1427,Carol,Sales,66790
1428,Alice,Support,100531
1429,Frank,HR,54293
1430,Jack,HR,61912
1431,Carol,Marketing,62009
1432,Grace,IT,81235
1433,Ivy,Operations,106566
1434,Ivy,Sales,100054
1435,Henry,Finance,82222
1436,Carol,Operations,94131
1437,Ivy,Engineering,66924
1438,Henry,Operations,74711
1439,Frank,Operations,90644
1440,Frank,HR,50432
1441,Alice,Marketing,101712
1442,Eva,Engineering,46989
1443,Alice,Marketing,40846
1444,Jack,Operations,97038
1445,Ivy,HR,84260
1446,Frank,Support,118629
1447,Eva,Finance,48644
1448,Grace,Operations,40515
1449,Ivy,IT,43063
1450,Grace,Support,60094
1451,Carol,Support,63775
1452,Bob,HR,56407
1453,Ivy,Support,95948
1454,Ivy,IT,116442
1455,Carol,Sales,56272
1456,Jack,Sales,116473
1457,Henry,Engineering,101788
1458,Grace,HR,79170
1459,Jack,Engineering,94386
1460,Jack,Engineering,118998
1461,Bob,Sales,118884
1462,Bob,Operations,107006
1463,David,HR,95413
1464,Grace,Finance,46714
1465,Bob,HR,104139
1466,Ivy,Operations,81583
1467,Frank,Marketing,50940
1468,Jack,Sales,85257
1469,Bob,Operations,84505
1470,Alice,HR,65062
1471,Eva,Operations,99352
1472,Ivy,Marketing,49076
1473,Frank,Support,112979
1474,Henry,Marketing,104888
1475,Jack,Sales,60768
1476,David,Support,116022
1477,Grace,Support,81076
1478,Frank,Support,102384
1479,Ivy,Support,65191
1480,Carol,Operations,79379
1481,David,Sales,72160
1482,Grace,Finance,58370
1483,Alice,IT,90695
1484,Henry,IT,90203
1485,Jack,Engineering,96623
1486,Bob,Finance,49071
1487,Eva,Sales,55864
1488,Bob,Engineering,92923
1489,Carol,Marketing,83869
1490,Eva,Marketing,54003
1491,Frank,Marketing,45784
1492,Ivy,HR,118222
1493,Jack,HR,86673
1494,Ivy,HR,119173
1495,Frank,IT,53711
1496,Henry,Operations,103810
1497,Ivy,Support,81048
1498,David,Finance,117519
1499,Frank,Support,42684
1500,Henry,Marketing,76562
1501,Carol,Operations,46861
1502,Frank,Sales,41390
1503,David,Sales,86164
1504,Bob,HR,77888
1505,Eva,Sales,100087
1506,Ivy,HR,70174
1507,Eva,Operations,113016
1508,Grace,Support,101344
1509,Frank,HR,70193
1510,David,Marketing,94123
1511,Alice,IT,111232
1512,Frank,Support,48417
1513,David,HR,105292
1514,Bob,Sales,75910
1515,Jack,IT,111512
1516,David,Operations,48399
1517,Grace,Support,92739
1518,Bob,Finance,118334
1519,Grace,Support,55123
1520,David,Operations,64776
1521,Ivy,Sales,40677
1522,Bob,Marketing,67222
1523,David,Operations,87624
1524,Carol,Operations,114462
1525,Henry,Sales,61332
1526,Ivy,HR,59666
1527,Bob,Marketing,88251
1528,Frank,Sales,87555
1529,Ivy,Finance,69079
1530,David,Sales,96704
1531,David,IT,67141
1532,David,HR,76875
1533,Grace,IT,96556
1534,David,HR,45005
1535,Ivy,Sales,46005
1536,David,IT,117330
1537,Henry,HR,110614
1538,Henry,Operations,95768
1539,Bob,HR,52580
1540,Bob,Marketing,99614
1541,Jack,HR,110370
1542,Bob,Engineering,78777
1543,Grace,Engineering,99596
1544,Carol,Operations,87060
1545,Alice,Support,79578
1546,Alice,Marketing,78220
1547,David,Sales,56570
1548,Jack,IT,74656
1549,Grace,IT,43003
1550,Jack,Marketing,100402
1551,Carol,Support,52683
1552,Henry,Operations,112223
1553,Henry,Marketing,53710
1554,Ivy,Engineering,58376
1555,Alice,HR,53701
1556,Grace,HR,98729
1557,Alice,IT,64898
1558,Carol,Finance,96844
1559,David,Sales,83867
1560,Jack,Sales,40235
1561,David,Marketing,114226
1562,Henry,Sales,44639
1563,Bob,Support,83150
1564,Eva,Support,94491
1565,Eva,IT,101428
1566,Grace,Marketing,115280
1567,Grace,Support,105158
1568,Eva,Marketing,56175
1569,Alice,Sales,67488
1570,David,Sales,100063
1571,Ivy,Operations,100038
1572,Henry,Operations,93331
1573,Eva,Finance,66619
1574,Carol,Support,116305
1575,David,Finance,40307
1576,Jack,Support,91715
1577,Eva,HR,56572
1578,Ivy,Sales,43679
1579,Jack,Engineering,62007
1580,Grace,Operations,87680
1581,Alice,HR,40504
1582,Henry,IT,57926
1583,Henry,Operations,59858
1584,Frank,HR,61328
1585,Eva,Finance,85835
1586,Alice,Finance,43587
1587,Henry,IT,79819
1588,Carol,Engineering,117333
1589,Henry,Sales,111041
1590,David,Marketing,73638
1591,Carol,HR,42887
1592,Ivy,HR,77321
1593,Carol,Marketing,94139
1594,Bob,IT,77552
1595,Jack,HR,48872
1596,Alice,Engineering,79668
1597,Ivy,Finance,66125
1598,Carol,Engineering,97514
1599,Carol,Operations,70279
1600,Eva,Marketing,68389
1601,Ivy,Marketing,78261
1602,Grace,IT,101334
1603,Eva,Operations,85862
1604,Frank,Support,102123
1605,Jack,Marketing,101421
1606,Ivy,Finance,45125
1607,Ivy,Finance,94438
1608,Frank,Marketing,70573
1609,Grace,Marketing,90003
1610,David,Marketing,48354
1611,Eva,Operations,44896
1612,David,Sales,80637
1613,Alice,Marketing,119494
1614,Alice,Marketing,53738
1615,Bob,Engineering,105756
1616,Ivy,IT,117847
1617,Henry,IT,62436
1618,Frank,IT,109902
1619,Alice,Operations,50207
1620,David,Operations,49433
1621,Ivy,Marketing,100761
1622,Henry,HR,47986
1623,Alice,Sales,92264
1624,Frank,Engineering,75526
1625,Eva,Engineering,92796
1626,Frank,Engineering,94819
1627,Ivy,Marketing,40768
1628,Alice,Sales,52165
1629,Grace,Finance,110142
1630,Bob,Finance,96089
1631,Frank,Operations,54357
1632,Jack,Support,119555
1633,Grace,Operations,58733
1634,Grace,Sales,116567
1635,Bob,Finance,80108
1636,Henry,Finance,85767
1637,Henry,IT,40173
1638,Eva,Finance,46059
1639,Henry,IT,52649
1640,David,Support,117645
1641,Alice,Sales,84200
1642,Bob,Sales,106334
1643,Carol,Marketing,109315
1644,Carol,Engineering,75615
1645,Carol,Finance,106335
1646,Jack,Marketing,45067
1647,Henry,Finance,40074
1648,Grace,Marketing,62150
1649,Carol,IT,67227
1650,Carol,Marketing,108081
1651,Jack,Operations,115911
1652,Jack,Sales,110264
1653,Alice,Sales,40822
1654,Grace,Operations,73386
1655,Alice,HR,106534
1656,Alice,Marketing,78876
1657,Henry,Operations,62979
1658,Jack,Finance,119314
1659,Grace,Sales,58883
1660,Grace,Finance,115267
1661,Grace,Marketing,93491
1662,Alice,Engineering,60021
1663,Frank,HR,95317
1664,Henry,Sales,46094
1665,Jack,HR,57303
1666,Frank,HR,49094
1667,Henry,Operations,44618
1668,Ivy,Support,107934
1669,Frank,IT,50402
1670,Ivy,IT,115575
1671,Eva,Support,78399
1672,Eva,IT,96987
1673,Grace,Support,67947
1674,Henry,Sales,109398
1675,Grace,Support,103689
1676,David,Marketing,69747
1677,Ivy,Marketing,84776
1678,David,Sales,42152
1679,Grace,HR,76588
1680,Bob,Support,85329
1681,Henry,Finance,84637
1682,Alice,Marketing,100445
1683,Eva,Marketing,116543
1684,Jack,Marketing,68608
1685,Alice,Sales,53539
1686,Grace,Marketing,76084
1687,Jack,Engineering,41498
1688,Alice,Operations,109795
1689,Carol,Operations,81752
1690,Frank,IT,90335
1691,Carol,Marketing,75683
1692,Bob,Engineering,119129
1693,Grace,HR,41775
1694,Alice,IT,111198
1695,Grace,HR,58100
1696,Bob,Engineering,68302
1697,David,Support,62027
1698,Henry,Engineering,75895
1699,Eva,Sales,67201
1700,Jack,Finance,96017
1701,Ivy,Sales,103806
1702,Eva,Operations,119284
1703,Alice,Sales,93584
1704,Eva,IT,114893
1705,David,Sales,59174
1706,Jack,IT,61893
1707,Bob,Engineering,118650
1708,Frank,HR,55242
1709,Ivy,Sales,102690
1710,Grace,Marketing,64308
1711,Alice,Marketing,86513
1712,Carol,Marketing,81610
1713,Ivy,HR,107805
1714,Carol,Operations,78012
1715,Jack,Sales,54545
1716,Frank,IT,119437
1717,Alice,Marketing,80638
1718,David,Finance,57670
1719,Ivy,Sales,80349
1720,Ivy,Operations,60122
1721,David,Sales,65988
1722,Bob,Support,60867
1723,Bob,Finance,112439
1724,David,Finance,71640
1725,Henry,Finance,103439
1726,Eva,Operations,105406
1727,Frank,Support,80017
1728,Grace,Engineering,85185
1729,Frank,Engineering,108242
1730,David,Sales,104478
1731,Jack,Marketing,81638
1732,Eva,Sales,92836
1733,Bob,HR,107087
1734,Alice,Operations,75751
1735,Alice,Support,119813
1736,Bob,Operations,69083
1737,Henry,Support,68944
1738,Grace,IT,104504
1739,David,Finance,115396
1740,Alice,IT,73318
1741,Frank,Engineering,102766
1742,Bob,Finance,52411
1743,Alice,IT,71216
1744,Jack,Sales,41225
1745,Henry,Engineering,75529
1746,Carol,Finance,86420
1747,Grace,HR,60992
1748,Ivy,HR,108817
1749,Bob,IT,50405
1750,Frank,Engineering,51612
1751,Eva,Support,92057
1752,Henry,Sales,52076
1753,Ivy,HR,114915
1754,Alice,Finance,54555
1755,Eva,Operations,102210
1756,Bob,Finance,78593
1757,Frank,Finance,44056
1758,Grace,Engineering,70572
1759,Grace,Sales,118775
1760,Bob,Operations,74880
1761,Ivy,Operations,42385
1762,Bob,Support,44326
1763,Carol,Sales,41453
1764,Bob,HR,40060
1765,Carol,Marketing,50330
1766,Frank,Engineering,79826
1767,Alice,Finance,53786
1768,Grace,Engineering,55212
1769,Carol,Finance,91513
1770,Jack,IT,91748
1771,Eva,IT,71934
1772,Frank,Engineering,89750
1773,Frank,Finance,87036
1774,Frank,Support,54766
1775,Jack,IT,41796
1776,Ivy,HR,64601
1777,Ivy,Operations,79635
1778,Bob,Sales,47003
1779,Henry,HR,46242
1780,Bob,HR,97405
1781,Ivy,Marketing,84809
1782,Eva,IT,62116
1783,Alice,Marketing,49969
1784,Ivy,Finance,46488
1785,Frank,Support,56053
1786,Eva,IT,115858
1787,Bob,Engineering,86377
1788,Ivy,HR,63203
1789,Eva,Operations,69115
1790,Ivy,Marketing,79102
1791,Bob,Finance,116814
1792,Henry,Marketing,44254
1793,Eva,Marketing,44629
1794,Ivy,Sales,72625
1795,Frank,Operations,56100
1796,Carol,Marketing,103554
1797,Henry,Sales,59872
1798,Ivy,Support,105248
1799,Grace,Engineering,55144
1800,Eva,IT,115243
1801,David,Marketing,44400
1802,Henry,Engineering,53289
1803,David,IT,88571
1804,Grace,Engineering,74298
1805,Bob,Marketing,47921
1806,David,Engineering,108473
1807,Henry,IT,106762
1808,Bob,Marketing,98909
1809,Henry,Finance,67350
1810,Frank,Operations,79304
1811,Henry,Finance,97416
1812,Jack,Marketing,110036
1813,Alice,Operations,55066
1814,Frank,Finance,43494
1815,Carol,Engineering,54382
1816,Bob,Sales,118743
1817,Jack,HR,45857
1818,Alice,Finance,99196
1819,Grace,IT,96744
1820,Jack,Marketing,110431
1821,Jack,Sales,63685
1822,Henry,Marketing,100713
1823,David,IT,72814
1824,David,Sales,71974
1825,Frank,Operations,60228
1826,Grace,Operations,81055
1827,Frank,IT,110546
1828,Ivy,Finance,50477
1829,Ivy,Finance,78701
1830,Eva,IT,57716
1831,David,Support,88128
1832,Carol,IT,58961
1833,Bob,Support,68568
1834,Jack,Operations,55642
1835,Ivy,Support,88413
1836,Jack,Marketing,49373
1837,Ivy,HR,73320
1838,Eva,Operations,71313
1839,Eva,Marketing,40701
1840,Bob,Support,80920
1841,Carol,Finance,102989
1842,Bob,Sales,114988
1843,Jack,Sales,59157
1844,Frank,HR,40481
1845,Alice,Finance,53286
1846,Carol,Finance,81970
1847,Alice,Sales,62169
1848,Frank,Sales,84085
1849,Grace,Finance,104677
1850,Eva,Engineering,106858
1851,Henry,IT,62072
1852,Frank,HR,92140
1853,Ivy,IT,93619
1854,Henry,Operations,42105
1855,Eva,Sales,50384
1856,Bob,HR,65568
1857,Carol,HR,63142
1858,Alice,Engineering,75108
1859,Alice,IT,60041
1860,Eva,HR,106185
1861,Alice,Operations,62240
1862,Jack,Finance,87683
1863,Alice,Operations,113279
1864,Alice,Support,81548
1865,Henry,Operations,47966
1866,Eva,Sales,85825
1867,Ivy,Operations,44306
1868,David,Marketing,70830
1869,Jack,Marketing,100166
1870,Bob,IT,42801
1871,Jack,Support,86254
1872,Carol,Sales,76454
1873,Ivy,IT,112495
1874,Henry,Marketing,50594
1875,Carol,Operations,117701
1876,Eva,HR,74118
1877,Grace,Marketing,103693
1878,Henry,IT,41223
1879,Eva,Finance,40580
1880,Alice,Operations,66522
1881,Henry,HR,104065
1882,Carol,Marketing,85261
1883,Jack,Support,42342
1884,Jack,Operations,118744
1885,Bob,Marketing,90356
1886,Grace,Support,67216
1887,Jack,Operations,112313
1888,David,Sales,54070
1889,Bob,IT,101999
1890,Grace,Support,84101
1891,Henry,HR,53614
1892,Alice,Sales,106045
1893,Jack,Engineering,103492
1894,David,IT,44253
1895,Eva,Marketing,89501
1896,Frank,IT,85663
1897,Ivy,IT,118558
1898,Frank,Support,111602
1899,Jack,HR,96739
1900,Carol,Sales,52866
1901,Alice,Sales,96365
1902,Frank,Support,77082
1903,Grace,Finance,49927
1904,Ivy,Support,70101
1905,Eva,Engineering,93887
1906,Grace,IT,80843
1907,Frank,Marketing,104009
1908,Carol,HR,113053
1909,Bob,Engineering,60775
1910,Frank,Operations,85935
1911,Jack,Support,116091
1912,Ivy,Support,80757
1913,Bob,Finance,114656
1914,Jack,Engineering,54566
1915,Bob,Sales,73892
1916,Frank,HR,52892
1917,Henry,Finance,77539
1918,David,Sales,59291
1919,Ivy,Support,85900
1920,Jack,Finance,64190
1921,Frank,Marketing,104402
1922,Jack,Finance,47477
1923,David,Marketing,96884
1924,Ivy,Marketing,77217
1925,David,Sales,97021
1926,Jack,Sales,40722
1927,Ivy,Operations,46914
1928,David,Operations,115032
1929,Henry,IT,101456
1930,Grace,Marketing,85880
1931,Henry,Engineering,47120
1932,Henry,Sales,95507
1933,Carol,Engineering,46913
1934,Bob,Support,57900
1935,Alice,IT,64990
1936,Grace,Engineering,118560
1937,Carol,Finance,57136
1938,Henry,Support,98052
1939,Bob,Engineering,76372
1940,Henry,IT,92764
1941,Ivy,HR,62006
1942,Alice,Marketing,49385
1943,Alice,HR,49420
1944,Grace,IT,119684
1945,David,Finance,89084
1946,Frank,Engineering,86435
1947,Jack,Sales,93099
1948,Grace,Engineering,118161
1949,Carol,HR,47226
1950,David,HR,102205
1951,Jack,Engineering,77658
1952,Eva,Marketing,56032
1953,Grace,Finance,69934
1954,Henry,Sales,103884
1955,Carol,Engineering,100261
1956,Jack,HR,88808
1957,Henry,Engineering,70760
1958,Bob,Marketing,119745
1959,Alice,Finance,44606
1960,Ivy,IT,58080
1961,Ivy,Operations,41282
1962,Carol,Engineering,67049
1963,Bob,Sales,49973
1964,Henry,Finance,41939
1965,Henry,Sales,105457
1966,Alice,Finance,106314
1967,Frank,Finance,101339
1968,Alice,Finance,102460
1969,Frank,Operations,80417
1970,Ivy,Sales,52395
1971,Jack,Finance,115785
1972,Bob,Sales,96363
1973,Frank,Support,72287
1974,Ivy,HR,50442
1975,Ivy,Finance,59368
1976,Henry,Support,103926
1977,Bob,Support,49786
1978,David,IT,87335
1979,David,Support,72323
1980,Frank,Operations,99331
1981,Eva,Support,98142
1982,Ivy,Sales,44759
1983,Alice,Finance,89789
1984,Eva,IT,78225
1985,Frank,Sales,110561
1986,Carol,Support,75926
1987,Jack,Engineering,114080
1988,Carol,Support,68935
1989,Grace,Support,116254
1990,Ivy,HR,55365
1991,Eva,Engineering,51887
1992,Alice,HR,78341
1993,Eva,HR,80352
1994,Ivy,Operations,99843
1995,Alice,Marketing,44765
1996,Henry,Engineering,57071
1997,Frank,Finance,94704
1998,Eva,HR,75593
1999,Ivy,IT,98338
2000,Jack,Engineering,100280
2001,Frank,Operations,62057
2002,Carol,Finance,81985
2003,Bob,Sales,86030
2004,David,Marketing,97120
2005,Eva,Support,119776
2006,Bob,HR,100981
2007,Bob,HR,91820
2008,David,Sales,66866
2009,Bob,Marketing,72795
2010,Grace,IT,100682
2011,Carol,Support,44177
2012,Frank,Engineering,83928
2013,Bob,Support,46142
2014,Jack,HR,51880
2015,Alice,Engineering,43105
2016,Bob,HR,61052
2017,Henry,Marketing,117602
2018,Jack,Operations,51244
2019,Ivy,IT,63829
2020,Bob,Support,50949
2021,Grace,IT,81131
2022,Frank,Engineering,95619
2023,Henry,HR,96643
2024,Ivy,Operations,92170
2025,Frank,IT,93202
2026,Grace,IT,103779
2027,Grace,HR,117231
2028,Bob,IT,115733
2029,David,Support,99280
2030,Henry,Sales,78082
2031,David,Operations,43383
2032,Frank,Marketing,99209
2033,Bob,Finance,110905
2034,David,IT,55852
2035,Ivy,IT,109100
2036,Henry,Sales,119692
2037,Henry,IT,44422
2038,Eva,Finance,42976
2039,Jack,Support,70458
2040,Frank,Marketing,101108
2041,Ivy,Finance,108694
2042,Frank,Finance,71798
2043,Grace,Sales,57962
2044,Bob,Support,43690
2045,David,IT,59758
2046,Frank,Operations,52190
2047,Frank,Finance,60068
2048,Carol,Finance,100722
2049,Frank,Sales,56514
2050,Alice,Sales,115877
2051,Carol,Finance,56520
2052,David,Marketing,103138
2053,Carol,Support,106834
2054,Grace,Operations,75610
2055,Ivy,IT,85611
2056,Jack,HR,72334
2057,Alice,Sales,80037
2058,Eva,Marketing,72508
2059,Ivy,Marketing,87205
2060,Frank,Marketing,78359
2061,Carol,Marketing,41529
2062,Bob,Operations,44788
2063,Alice,IT,75789
2064,Ivy,Sales,46389
2065,Grace,Engineering,53648
2066,Frank,IT,110638
2067,Carol,Marketing,108259
2068,Bob,Support,41536
2069,Ivy,Sales,78607
2070,Eva,Marketing,97728
2071,Grace,IT,114858
2072,Eva,Engineering,91839
2073,Jack,HR,48739
2074,David,Engineering,89233
2075,Grace,Operations,79540
2076,Carol,Sales,65246
2077,Henry,Operations,104269
2078,Eva,Sales,115597
2079,David,Engineering,41998
2080,Alice,Finance,59989
2081,Alice,Sales,69747
2082,David,Sales,55857
2083,Ivy,IT,113464
2084,Carol,Engineering,88561
2085,Ivy,Sales,82337
2086,David,Engineering,106737
2087,Frank,Support,119060
2088,Carol,HR,117717
2089,Ivy,HR,81235
2090,David,Finance,43420
2091,Grace,IT,54079
2092,Ivy,Sales,41678
2093,Jack,Marketing,84694
2094,Jack,Operations,113295
2095,Carol,IT,77104
2096,Frank,Sales,40764
2097,Jack,HR,81754
2098,Alice,Sales,63838
2099,Alice,IT,95272
2100,Grace,Support,63571
2101,Jack,IT,75901
2102,Jack,Marketing,111051
2103,Grace,Support,111964
2104,Eva,Operations,114156
2105,Eva,Operations,85696
2106,Henry,HR,61194
2107,Frank,Engineering,68997
2108,David,Sales,94009
2109,David,Sales,61053
2110,Grace,Finance,62014
2111,Jack,Support,108145
2112,Carol,Engineering,68985
2113,Carol,Support,41799
2114,Frank,Finance,107273
2115,Bob,Finance,106962
2116,David,Finance,46069
2117,Bob,IT,62439
2118,Jack,Operations,85338
2119,Bob,Engineering,46009
2120,Bob,Support,117957
2121,Bob,HR,90931
2122,Bob,HR,100848
2123,Alice,Sales,49913
2124,Bob,Marketing,90771
2125,Eva,Operations,80059
2126,Carol,Engineering,89965
2127,Ivy,IT,66408
2128,David,Operations,61577
2129,Ivy,IT,118482
2130,Grace,Marketing,71793
2131,Bob,IT,75493
2132,David,Marketing,48754
2133,Alice,Operations,44540
2134,David,Support,103337
2135,Alice,Sales,76358
2136,Eva,HR,96134
2137,Ivy,Finance,100979
2138,Jack,Sales,98309
2139,Carol,Finance,112860
2140,Alice,Marketing,59826
2141,Ivy,Engineering,46624
2142,Carol,Sales,66161
2143,Carol,Support,103814
2144,Alice,Sales,118783
2145,Jack,Marketing,93166
2146,Eva,Operations,79583
2147,Carol,IT,41194
2148,Jack,Engineering,60266
2149,Alice,Sales,47480
2150,Carol,HR,70146
2151,Frank,Support,80546
2152,Ivy,Support,108166
2153,Eva,IT,74895
2154,Eva,Operations,69377
2155,Henry,Engineering,99490
2156,Carol,Support,57545
2157,Bob,Operations,83329
2158,Jack,IT,84356
2159,Henry,HR,96628
2160,Bob,Support,116095
2161,Bob,HR,96889
2162,Grace,HR,71476
2163,Alice,IT,63134
2164,Carol,Engineering,68178
2165,Alice,Finance,115166
2166,Alice,HR,42210
2167,Carol,Operations,110218
2168,Alice,HR,82539
2169,Carol,Sales,81935
2170,Eva,IT,69598
2171,Ivy,IT,83897
2172,Ivy,Finance,84565
2173,Carol,Engineering,57053
2174,Eva,Finance,70147
2175,Alice,HR,110027
2176,Ivy,IT,51431
2177,Henry,Finance,59644
2178,Carol,Support,92027
2179,Henry,Finance,77654
2180,David,IT,47118
2181,Carol,Sales,105412
2182,Bob,Sales,102219
2183,Frank,Engineering,75803
2184,Alice,Engineering,46502
2185,Jack,Sales,88617
2186,Eva,HR,67406
2187,Grace,Sales,50406
2188,Eva,Marketing,43723
2189,Bob,IT,92769
2190,Eva,Sales,72918
2191,Frank,Engineering,77656
2192,Grace,Support,80055
2193,Bob,Operations,68160
2194,Ivy,Marketing,76076
2195,Eva,IT,53216
2196,Grace,Support,90499
2197,Henry,IT,99664
2198,Bob,Sales,53038
2199,Carol,HR,112418
2200,Frank,Operations,112517
2201,Grace,Operations,62301
2202,Ivy,HR,63321
2203,Henry,HR,89874
2204,Carol,Operations,108981
2205,Alice,Operations,74895
2206,Carol,Operations,81543
2207,Carol,HR,115863
2208,Carol,Engineering,58495
2209,Ivy,Support,102130
2210,Henry,Engineering,105613
2211,Alice,Finance,98783
2212,Jack,Finance,84874
2213,Alice,Support,118462
2214,Frank,Engineering,94194
2215,Alice,Engineering,70190
2216,Grace,HR,104256
2217,Frank,Support,78956
2218,Alice,Engineering,46859
2219,Bob,HR,58245
2220,Frank,Sales,67791
2221,Jack,Support,75121
2222,Grace,HR,110602
2223,Grace,Finance,98717
2224,Ivy,Operations,90084
2225,Eva,Sales,83543
2226,Bob,Support,74147
2227,Frank,Engineering,99079
2228,David,IT,116893
2229,Henry,Support,85849
2230,Alice,Support,55816
2231,Eva,IT,110143
2232,Alice,IT,49789
2233,Frank,Support,69159
2234,Henry,Operations,73889
2235,Jack,IT,71276
2236,Henry,Marketing,45827
2237,Frank,Sales,112010
2238,Frank,Support,63003
2239,Alice,Marketing,86294
2240,Ivy,Sales,47825
2241,Jack,Support,97151
2242,Grace,HR,93613
2243,Frank,Sales,63869
2244,Frank,Engineering,107501
2245,Henry,Engineering,109478
2246,Eva,Engineering,60301
2247,Bob,Finance,80741
2248,Jack,Support,118047
2249,Carol,Marketing,81603
2250,Alice,HR,44009
2251,Henry,Marketing,99475
2252,Jack,Support,94279
2253,Alice,Sales,52742
2254,Frank,IT,86739
2255,Jack,Sales,51559
2256,Carol,Sales,56834
2257,Bob,Sales,96675
2258,Alice,Sales,41482
2259,Frank,HR,55278
2260,Grace,Engineering,89398
2261,Frank,Operations,77196
2262,Ivy,Operations,57116
2263,Frank,Support,48892
2264,Alice,Operations,101755
2265,Ivy,HR,88032
2266,Henry,Operations,109567
2267,Henry,Sales,102340
2268,David,HR,62663
2269,David,Marketing,95244
2270,David,Marketing,65785
2271,Jack,Marketing,115448
2272,Carol,HR,79941
2273,Carol,Support,83981
2274,Grace,Sales,45714
2275,Jack,HR,75227
2276,Bob,IT,63938
2277,Carol,Operations,47963
2278,Grace,IT,80252
2279,Jack,HR,58412
2280,Alice,IT,95458
2281,Eva,Marketing,72918
2282,Ivy,Engineering,92474
2283,David,HR,48594
2284,Bob,IT,85623
2285,Bob,Operations,99151
2286,Grace,Engineering,47686
2287,Grace,Engineering,106278
2288,Henry,IT,40987
2289,Bob,HR,106788
2290,Alice,Marketing,54604
2291,Henry,Engineering,101196
2292,Frank,Support,83778
2293,Henry,IT,52866
2294,Jack,Operations,60357
2295,Carol,Sales,96173
2296,Jack,Operations,69431
2297,Grace,Sales,107527
2298,Frank,Support,89738
2299,Alice,HR,73030
2300,Grace,Finance,49981
2301,Grace,IT,68007
2302,Ivy,Operations,96294
2303,Grace,Operations,96945
2304,Eva,Sales,87930
2305,Carol,Engineering,103269
2306,Ivy,Operations,48623
2307,Grace,Engineering,72214
2308,Grace,Marketing,99065
2309,Grace,Sales,97035
2310,Henry,Operations,49042
2311,Grace,IT,66286
2312,Jack,Sales,104889
2313,Eva,Operations,42856
2314,Eva,Sales,48940
2315,David,Marketing,48439
2316,Frank,HR,106278
2317,David,Finance,95129
2318,Grace,Engineering,85037
2319,David,Support,42987
2320,Bob,Support,45506
2321,Jack,Engineering,42014
2322,Alice,Support,83499
2323,Carol,Finance,56523
2324,Jack,Support,107051
2325,Jack,Operations,101328
2326,Frank,Sales,68395
2327,Bob,Operations,40628
2328,Grace,Support,101014
2329,Eva,Operations,67374
2330,Henry,Finance,71086
2331,Bob,Engineering,76286
2332,Eva,HR,89300
2333,Henry,Sales,53138
2334,Carol,Marketing,51416
2335,Grace,IT,118987
2336,Eva,Support,79228
2337,Carol,Sales,44493
2338,Bob,Operations,91724
2339,David,Finance,107769
2340,Grace,Operations,107523
2341,Grace,IT,97151
2342,Ivy,Marketing,102542
2343,Alice,Operations,68877
2344,Grace,Finance,52447
2345,Grace,Operations,96945
2346,Ivy,IT,96273
2347,Alice,IT,40577
2348,Alice,IT,68489
2349,Bob,Support,74539
2350,Ivy,Engineering,66990
2351,Henry,Support,91942
2352,Frank,Engineering,101546
2353,Henry,IT,82287
2354,Henry,Operations,89101
2355,David,Sales,76779
2356,Carol,Engineering,51877
2357,Alice,Marketing,87422
2358,Alice,Support,102149
2359,Henry,Support,89888
2360,Grace,IT,90053
2361,Alice,IT,80177
2362,Alice,Finance,42223
2363,Grace,Marketing,100985
2364,David,Support,74423
2365,Alice,Sales,63421
2366,David,Operations,78455
2367,Grace,Support,58661
2368,Frank,Engineering,64404
2369,Jack,Finance,91640
2370,Henry,Operations,80231
2371,David,Sales,42071
2372,Alice,Support,70887
2373,Henry,Sales,90887
2374,David,Finance,98390
2375,Henry,Operations,50342
2376,Grace,HR,96905
2377,Bob,IT,61465
2378,Frank,Operations,95363
2379,David,Sales,83935
2380,David,IT,115307
2381,David,HR,119747
2382,David,HR,51700
2383,Carol,Finance,113396
2384,Grace,Engineering,104759
2385,Eva,IT,62498
2386,Jack,HR,113097
2387,Alice,IT,56657
2388,Henry,Finance,88633
2389,Bob,Support,115311
2390,Grace,Operations,117957
2391,David,Finance,69025
2392,Eva,Engineering,76245
2393,Grace,Support,109776
2394,Jack,Finance,69456
2395,Alice,Engineering,70406
2396,Grace,Finance,93427
2397,Frank,Support,101023
2398,Ivy,Marketing,84869
2399,Eva,Marketing,101361
2400,Carol,Finance,44225
2401,Alice,Finance,64593
2402,Bob,Sales,65303
2403,Ivy,HR,64878
2404,Jack,HR,92949
2405,Carol,Finance,77586
2406,Henry,Support,53519
2407,Ivy,Engineering,104534
2408,Henry,Operations,77662
2409,David,Operations,88287
2410,David,HR,86375
2411,Frank,Finance,40662
2412,Henry,Sales,70989
2413,Eva,IT,87213
2414,Eva,Operations,70277
2415,Eva,Operations,111352
2416,Ivy,IT,84544
2417,Henry,IT,42432
2418,Alice,IT,87599
2419,Frank,Finance,76689
2420,Jack,HR,62874
2421,Jack,HR,65533
2422,Ivy,Finance,77081
2423,Grace,HR,113220
2424,Alice,Support,67109
2425,Alice,Sales,41295
2426,Jack,Engineering,49232
2427,Frank,HR,55269
2428,Eva,Sales,66656
2429,Alice,Engineering,94548
2430,Jack,HR,78670
2431,Bob,Operations,84923
2432,Frank,Support,51344
2433,David,Engineering,71986
2434,Alice,Operations,105572
2435,David,Support,54586
2436,Carol,Sales,47702
2437,Jack,Marketing,46154
2438,Alice,Finance,42559
2439,Ivy,Support,50846
2440,Frank,Engineering,40610
2441,Henry,HR,56355
2442,Henry,Support,57130
2443,Frank,Sales,55822
2444,Eva,HR,91101
2445,Alice,Support,72862
2446,Grace,Engineering,72529
2447,Alice,Finance,59724
2448,Alice,HR,74765
2449,Frank,Operations,44204
2450,Ivy,Support,58734
2451,Ivy,HR,64662
2452,Carol,HR,56503
2453,Eva,Engineering,42889
2454,David,Operations,112483
2455,Henry,Engineering,53517
2456,Henry,Engineering,44850
2457,David,Finance,51074
2458,Frank,Support,65716
2459,Carol,Engineering,95932
2460,Ivy,Finance,85041
2461,Ivy,IT,80874
2462,Carol,Sales,71208
2463,Jack,Engineering,69250
2464,David,IT,70597
2465,Alice,Marketing,101899
2466,Alice,Support,91064
2467,Jack,Engineering,71431
2468,Jack,Operations,93289
2469,Bob,Finance,113725
2470,Carol,Support,42249
2471,Alice,IT,107371
2472,Frank,Finance,93574
2473,David,Sales,95412
2474,Henry,Sales,46029
2475,Carol,Sales,68145
2476,Grace,Marketing,67264
2477,David,Support,112641
2478,Bob,Sales,51915
2479,Henry,Finance,51615
2480,David,Engineering,109774
2481,Bob,Sales,78584
2482,Ivy,Support,115312
2483,Alice,Engineering,46077
2484,Bob,HR,108669
2485,Jack,Support,94079
2486,Ivy,Support,59397
2487,Bob,Finance,89377
2488,David,Operations,82509
2489,David,Sales,91446
2490,Frank,Sales,92266
2491,Alice,Engineering,62323
2492,Grace,Engineering,74901
2493,Alice,Sales,82473
2494,Eva,Marketing,75582
2495,Jack,Support,74720
2496,Carol,Marketing,95263
2497,Frank,Sales,42780
2498,Grace,Support,76370
2499,Bob,Engineering,59953
2500,Jack,Sales,110800
2501,Eva,Marketing,42291
2502,Ivy,Support,40658
2503,Henry,HR,105817
2504,Eva,Engineering,55072
2505,Frank,Support,102307
2506,Grace,Marketing,50751
2507,Eva,Marketing,61648
2508,Jack,Support,78071
2509,Grace,IT,53181
2510,David,HR,64070
2511,Bob,IT,115959
2512,Carol,Support,68367
2513,David,Marketing,97636
2514,Alice,Sales,82594
2515,Bob,HR,63939
2516,Grace,Operations,68340
2517,Bob,Sales,117244
2518,Carol,IT,111321
2519,Jack,Support,97909
2520,Grace,Marketing,85987
2521,Alice,HR,44637
2522,Frank,IT,52443
2523,Frank,Operations,69960
2524,Grace,HR,116201
2525,Jack,Finance,44682
2526,Alice,HR,67929
2527,Jack,Sales,86703
2528,Jack,Engineering,42833
2529,Grace,Finance,87828
2530,Henry,Sales,48938
2531,Jack,Marketing,110371
2532,Ivy,Engineering,88939
2533,Frank,HR,119956
2534,Henry,Sales,96695
2535,Alice,Support,82323
2536,Alice,Engineering,79214
2537,Eva,HR,65766
2538,Jack,Sales,44196
2539,Grace,HR,73208
2540,Grace,IT,69396
2541,Eva,HR,65779
2542,David,Operations,89552
2543,Eva,Sales,64581
2544,Alice,IT,104783
2545,Bob,Marketing,50393
2546,Eva,IT,43882
2547,Ivy,Operations,51721
2548,Grace,Sales,103984
2549,Grace,Support,43402
2550,Grace,IT,115654
2551,Eva,Sales,69316
2552,David,Sales,58624
2553,Henry,Marketing,46022
2554,Jack,Support,108680
2555,Ivy,Sales,73981
2556,Jack,Support,118661
2557,Alice,Marketing,85037
2558,Eva,Sales,52851
2559,Frank,Finance,73295
2560,Henry,Operations,48958
2561,Ivy,Finance,53283
2562,Bob,Marketing,47713
2563,Frank,Finance,97286
2564,David,Engineering,69060
2565,Eva,Support,77393
2566,Jack,Marketing,90579
2567,Henry,HR,61959
2568,Eva,Finance,72497
2569,Bob,IT,51061
2570,Eva,Sales,101708
2571,David,Marketing,44815
2572,Frank,Finance,44762
2573,Jack,Finance,67754
2574,Jack,Support,48538
2575,Henry,IT,103223
2576,Ivy,Marketing,88770
2577,Jack,IT,96713
2578,Bob,Marketing,85816
2579,Alice,HR,73210
2580,Ivy,Operations,82725
2581,Frank,Finance,96796
2582,Henry,Finance,98901
2583,Ivy,Sales,49713
2584,Ivy,Support,52123
2585,David,Engineering,96659
2586,Alice,Sales,65974
2587,David,Sales,91933
2588,Frank,Marketing,56623
2589,Henry,Support,97396
2590,Grace,Engineering,117675
2591,Jack,Engineering,117840
2592,Carol,Sales,80417
2593,Ivy,Sales,103479
2594,Jack,IT,119658
2595,Henry,HR,85578
2596,Eva,IT,115628
2597,Eva,Support,102302
2598,David,Sales,41400
2599,Eva,Engineering,70649
2600,Henry,Sales,53920
2601,Alice,Marketing,82607
2602,Henry,Finance,61518
2603,David,HR,93021
2604,Frank,Finance,97744
2605,Eva,Engineering,50135
2606,Carol,Marketing,100547
2607,Carol,HR,50259
2608,Eva,Marketing,103703
2609,Carol,HR,68660
2610,Grace,Marketing,80030
2611,Grace,Operations,72297
2612,Ivy,Operations,95637
2613,Frank,Engineering,59927
2614,David,Marketing,49356
2615,Frank,HR,79358
2616,Alice,Sales,110423
2617,Grace,Finance,56846
2618,Frank,Marketing,111207
2619,Jack,Support,112924
2620,Bob,Finance,41957
2621,Frank,Engineering,104792
2622,Carol,Marketing,119259
2623,Alice,IT,48754
2624,Grace,Finance,116277
2625,Jack,Finance,106656
2626,Jack,IT,50033
2627,Frank,Support,54279
2628,Ivy,Operations,41942
2629,Jack,HR,42769
2630,Alice,Finance,61116
2631,Ivy,Support,62835
2632,Henry,Finance,64777
2633,Eva,Marketing,108218
2634,Grace,IT,76160
2635,Bob,HR,58559
2636,Jack,IT,83532
2637,David,Support,97570
2638,Grace,Support,110514
2639,David,Finance,71616
2640,Henry,Sales,82959
2641,Ivy,Support,93108
2642,Henry,Sales,58246
2643,David,HR,96716
2644,Henry,IT,108189
2645,Bob,Support,85716
2646,Carol,Sales,65671
2647,Eva,IT,51069
2648,Alice,Finance,82946
2649,Jack,HR,47630
2650,Grace,HR,106268
2651,Grace,Finance,74730
2652,Bob,Sales,57050
2653,Carol,Engineering,101509
2654,Henry,Engineering,42658
2655,Frank,IT,73612
2656,Alice,Finance,52151
2657,Eva,Engineering,66282
2658,Eva,Support,46254
2659,Grace,IT,96639
2660,David,Engineering,54239
2661,Eva,HR,115487
2662,Bob,Engineering,68260
2663,Ivy,IT,45531
2664,Jack,Operations,41454
2665,David,Sales,51612
2666,Carol,HR,95570
2667,Eva,Sales,49956
2668,David,Marketing,67397
2669,David,Marketing,105606
2670,Frank,HR,48763
2671,Eva,Marketing,63822
2672,Eva,Engineering,102778
2673,Alice,Sales,76132
2674,Bob,Engineering,81394
2675,Ivy,HR,117849
2676,Alice,Support,71405
2677,Eva,Finance,79826
2678,Jack,Operations,65514
2679,Jack,IT,44975
2680,David,Operations,90311
2681,Carol,HR,58961
2682,Carol,Engineering,41063
2683,Eva,Support,68027
2684,Grace,Marketing,110180
2685,Ivy,Operations,48925
2686,Eva,Marketing,61052
2687,Alice,Operations,91066
2688,Ivy,Support,41625
2689,Henry,Sales,48224
2690,Grace,Engineering,118427
2691,Jack,IT,98901
2692,David,Engineering,72597
2693,Eva,Marketing,54803
2694,Ivy,Finance,82610
2695,Henry,HR,41311
2696,Grace,Finance,107655
2697,Grace,Marketing,54402
2698,Ivy,IT,98920
2699,David,Sales,112569
2700,Henry,IT,71052
2701,Ivy,Support,78340
2702,Alice,Operations,47339
2703,Ivy,Marketing,70841
2704,Carol,Sales,115506
2705,Bob,HR,70397
2706,Grace,Sales,87509
2707,Eva,Operations,42691
2708,Frank,Support,47401
2709,Carol,Support,73921
2710,Henry,HR,116442
2711,Henry,Operations,116470
2712,Jack,Marketing,90432
2713,Grace,Engineering,97492
2714,Henry,Engineering,93529
2715,David,Support,50963
2716,Ivy,Engineering,67128
2717,Eva,HR,50489
2718,Grace,Operations,112639
2719,Bob,Support,100767
2720,Grace,IT,115360
2721,Alice,Marketing,87789
2722,Alice,IT,70948
2723,Jack,HR,119359
2724,Ivy,Sales,46541
2725,Carol,Engineering,86981
2726,Eva,HR,87577
2727,Eva,Engineering,54383
2728,Frank,IT,103868
2729,David,Marketing,100555
2730,David,Engineering,107206
2731,Ivy,Support,83785
2732,Jack,Engineering,45716
2733,Alice,Engineering,113866
2734,Eva,Marketing,101575
2735,Frank,Sales,84097
2736,Frank,Support,47278
2737,Ivy,Operations,48933
2738,Ivy,IT,76682
2739,Bob,HR,108751
2740,Henry,Support,53253
2741,Frank,Finance,58801
2742,Alice,IT,81573
2743,Bob,Sales,51498
2744,Alice,Marketing,87189
2745,Frank,IT,87794
2746,Jack,Finance,90784
2747,Bob,Support,58809
2748,Grace,HR,78140
2749,Alice,Finance,65354
2750,Carol,IT,87132
2751,Grace,Operations,115139
2752,Frank,Sales,99359
2753,Eva,Support,44759
2754,Henry,Finance,93356
2755,Alice,HR,91636
2756,Ivy,Finance,76723
2757,Grace,Support,88626
2758,Henry,Finance,54219
2759,Bob,Sales,47588
2760,Eva,Engineering,73287
2761,Alice,Finance,101566
2762,Frank,Sales,64547
2763,Grace,Sales,109240
2764,Alice,Support,100625
2765,Grace,Marketing,107876
2766,Ivy,Support,110598
2767,Jack,HR,65325
2768,Jack,Engineering,58193
2769,Henry,Finance,101700
2770,Ivy,HR,88324
2771,Henry,IT,96898
2772,Jack,Sales,117424
2773,Jack,Marketing,107454
2774,David,IT,72031
2775,Frank,Marketing,66773
2776,Bob,HR,94528
2777,Frank,HR,69093
2778,Ivy,Support,69293
2779,Bob,Operations,62046
2780,Eva,Finance,65500
2781,Bob,Marketing,93111
2782,Jack,Support,114458
2783,Frank,Engineering,106523
2784,Frank,HR,67050
2785,Henry,IT,58374
2786,Jack,Finance,56753
2787,Carol,Finance,91990
2788,Grace,IT,68385
2789,Grace,Engineering,42324
2790,Grace,Sales,82912
2791,Frank,Support,83311
2792,Alice,Operations,92937
2793,Frank,Support,94662
2794,Jack,Finance,116753
2795,Ivy,Support,85102
2796,Eva,Engineering,69226
2797,Frank,Sales,90135
2798,Carol,HR,87236
2799,Frank,Sales,97665
2800,Bob,IT,60293
2801,Henry,Sales,95638
2802,Jack,IT,73508
2803,Bob,Marketing,98678
2804,Alice,Marketing,76658
2805,Carol,Engineering,98491
2806,Alice,Finance,90881
2807,Bob,Marketing,78728
2808,Bob,Operations,66720
2809,Alice,Sales,78384
2810,David,HR,109137
2811,Grace,Marketing,88140
2812,Ivy,HR,75609
2813,Bob,Sales,58493
2814,Jack,Operations,115202
2815,David,Marketing,78728
2816,Bob,HR,95151
2817,Jack,Finance,101591
2818,Ivy,Sales,71230
2819,Frank,Sales,62949
2820,Carol,Marketing,108886
2821,Carol,Sales,84605
2822,Grace,IT,97152
2823,Carol,Finance,50195
2824,Frank,Sales,55637
2825,Bob,Finance,57131
2826,Eva,Marketing,101577
2827,Ivy,HR,57945
2828,Henry,Finance,108655
2829,Jack,Finance,56887
2830,Frank,Operations,97132
2831,Alice,Marketing,90214
2832,Grace,Operations,109473
2833,Bob,Support,68807
2834,Carol,Engineering,48492
2835,Carol,Sales,100511
2836,Bob,HR,111276
2837,Grace,Operations,100528
2838,Jack,Finance,66671
2839,Frank,IT,95663
2840,Eva,Engineering,83283
2841,Grace,Support,43979
2842,Carol,Marketing,82357
2843,Frank,Sales,87009
2844,Bob,Marketing,78152
2845,Grace,Engineering,101955
2846,Frank,HR,68919
2847,Alice,Sales,81800
2848,Eva,Sales,95765
2849,Grace,HR,115607
2850,Eva,Support,83998
2851,Grace,Marketing,81886
2852,Frank,Marketing,113094
2853,Frank,Operations,59826
2854,Henry,HR,92561
2855,David,IT,79052
2856,Frank,Marketing,57637
2857,Grace,Support,74521
2858,Ivy,Finance,103162
2859,Bob,Marketing,66693
2860,Alice,Marketing,105809
2861,Frank,Sales,96437
2862,Frank,Sales,101534
2863,Carol,HR,106181
2864,Frank,Finance,96259
2865,David,Marketing,107081
2866,David,IT,59932
2867,Eva,HR,83521
2868,Eva,IT,100445
2869,Grace,Finance,111175
2870,David,IT,109176
2871,Carol,IT,40616
2872,Bob,Finance,81896
2873,Grace,Sales,47027
2874,Jack,Marketing,113950
2875,Jack,Sales,40397
2876,David,Operations,70391
2877,Jack,Support,86585
2878,Bob,Marketing,100657
2879,Henry,IT,73467
2880,Bob,HR,96765
2881,Ivy,Engineering,73190
2882,Ivy,Support,72993
2883,Eva,Finance,57484
2884,Henry,IT,97643
2885,Jack,HR,86270
2886,Henry,Sales,92322
2887,Alice,IT,75290
2888,Ivy,HR,53834
2889,Carol,Marketing,98016
2890,Alice,Finance,78695
2891,Alice,Finance,104236
2892,Alice,Engineering,42205
2893,Alice,Finance,58985
2894,Alice,IT,86832
2895,Eva,Sales,52435
2896,Jack,Engineering,87218
2897,Eva,Engineering,100698
2898,Grace,Marketing,110764
2899,Bob,Sales,97908
2900,Eva,Support,70039
2901,Henry,Finance,76209
2902,Jack,Sales,66864
2903,Frank,Sales,98589
2904,Carol,Engineering,79183
2905,Henry,Support,91520
2906,Grace,Operations,46411
2907,Eva,Support,40550
2908,Carol,IT,116405
2909,Carol,IT,41030
2910,Frank,HR,107090
2911,Eva,Finance,105416
2912,Alice,Marketing,94839
2913,Alice,Finance,115214
2914,Alice,IT,50249
2915,Ivy,Engineering,89827
2916,Jack,Support,53938
2917,Ivy,Sales,115236
2918,Jack,Finance,62175
2919,Ivy,Sales,91175
2920,Alice,HR,84106
2921,Carol,Marketing,62048
2922,Alice,Operations,89513
2923,Jack,Sales,108482
2924,David,Operations,40585
2925,Frank,Support,75622
2926,Eva,Finance,94293
2927,Frank,IT,68195
2928,Jack,Sales,72718
2929,Carol,Support,108621
2930,Grace,Engineering,72564
2931,David,IT,50050
2932,Eva,Sales,61563
2933,Ivy,Engineering,109477
2934,Grace,Finance,97344
2935,David,Marketing,52185
2936,Ivy,IT,56721
2937,Carol,Marketing,57183
2938,Ivy,HR,68093
2939,Bob,Finance,41130
2940,Bob,Engineering,43679
2941,Eva,Operations,105925
2942,Alice,Finance,81935
2943,Henry,HR,115423
2944,David,Finance,98868
2945,David,Support,60202
2946,Eva,Sales,110519
2947,Bob,Engineering,66349
2948,Ivy,Marketing,83077
2949,Jack,Support,99014
2950,Alice,Engineering,107855
2951,Carol,IT,69096
2952,David,Sales,56530
2953,Frank,Engineering,66844
2954,David,Marketing,48169
2955,Eva,Sales,102575
2956,Eva,Sales,118044
2957,David,HR,41528
2958,Ivy,Sales,90636
2959,Ivy,Sales,97465
2960,Ivy,Engineering,108738
2961,David,Support,67872
2962,David,Support,93582
2963,Grace,HR,77001
2964,David,Marketing,68414
2965,Carol,Operations,86081
2966,Grace,Finance,69599
2967,Grace,Finance,108356
2968,David,HR,65188
2969,Bob,Support,80222
2970,Alice,Marketing,114330
2971,David,Operations,69324
2972,Bob,Sales,42132
2973,Eva,Sales,115824
2974,David,Finance,64058
2975,David,Finance,80120
2976,Jack,HR,50449
2977,Henry,Operations,103343
2978,Eva,Engineering,102004
2979,Frank,IT,115549
2980,Frank,Marketing,84599
2981,Bob,Support,77262
2982,Carol,Support,75794
2983,Alice,Support,99988
2984,Carol,Sales,114190
2985,Alice,Sales,49308
2986,Ivy,Sales,74123
2987,Frank,Support,86132
2988,Grace,Engineering,101736
2989,Frank,Engineering,96105
2990,Bob,Sales,76422
2991,Grace,Finance,115522
2992,Jack,Engineering,79547
2993,Bob,Finance,86927
2994,Henry,Engineering,85843
2995,Henry,Operations,82602
2996,Alice,IT,86533
2997,Alice,HR,86632
2998,Frank,Operations,94803
2999,Carol,Support,68250
3000,Ivy,Finance,90551
3001,Jack,IT,56518
3002,Henry,Finance,42836
3003,David,Operations,43145
3004,Henry,Finance,77117
3005,Henry,Support,97474
3006,David,Engineering,43938
3007,Ivy,Sales,89419
3008,Bob,Operations,115420
3009,Carol,Support,43380
3010,David,Marketing,49942
3011,Eva,IT,75155
3012,David,Sales,83203
3013,Alice,Engineering,53758
3014,Jack,Operations,67906
3015,Ivy,Support,102456
3016,Grace,HR,87970
3017,Carol,Support,100006
3018,Henry,Support,96719
3019,Alice,Finance,100478
3020,David,Operations,83665
3021,Frank,Support,88270
3022,David,Finance,96807
3023,Eva,Support,47042
3024,Bob,Operations,72443
3025,Alice,Finance,70472
3026,Jack,Finance,106356
3027,Eva,IT,58878
3028,Bob,Sales,83727
3029,David,IT,98781
3030,Eva,Operations,88493
3031,Carol,Engineering,56616
3032,Ivy,Engineering,74470
3033,Alice,HR,90476
3034,Grace,Finance,109327
3035,Carol,Operations,80422
3036,Bob,Marketing,78060
3037,Ivy,Marketing,91428
3038,Bob,Operations,54012
3039,David,IT,99716
3040,Alice,IT,90074
3041,Carol,Operations,67038
3042,Henry,Operations,98492
3043,Frank,HR,104762
3044,Henry,Operations,104001
3045,Ivy,IT,71531
3046,Carol,Sales,49189
3047,Bob,Marketing,65757
3048,Henry,Finance,82173
3049,David,Sales,42421
3050,Jack,Finance,96918
3051,Bob,Sales,99686
3052,Alice,Support,81770
3053,Henry,HR,102876
3054,Eva,Finance,94372
3055,Carol,HR,55913
3056,Frank,IT,113341
3057,Ivy,IT,40751
3058,Eva,HR,85095
3059,Henry,Sales,87065
3060,David,Sales,88661
3061,Bob,Marketing,84708
3062,Grace,Support,74389
3063,Jack,Marketing,83686
3064,Henry,Engineering,78600
3065,Frank,Engineering,112099
3066,Henry,Sales,95182
3067,Jack,Marketing,40129
3068,Jack,Support,113921
3069,Eva,IT,102611
3070,Bob,Operations,59110
3071,Carol,IT,119893
3072,Carol,Marketing,41527
3073,Carol,Marketing,107124
3074,Bob,Engineering,73680
3075,Henry,HR,111664
3076,Ivy,Engineering,42273
3077,Grace,IT,93342
3078,Bob,Support,116980
3079,Alice,IT,86193
3080,Frank,Marketing,44380
3081,David,IT,103284
3082,Henry,HR,101408
3083,Bob,Operations,78230
3084,Eva,Sales,84263
3085,Grace,Marketing,51019
3086,Eva,Sales,83886
3087,Grace,Support,104183
3088,David,IT,110739
3089,Carol,Engineering,109298
3090,Jack,Sales,103451
3091,Jack,Support,63217
3092,Alice,Sales,94345
3093,Frank,HR,114957
3094,Eva,Marketing,41798
3095,Ivy,Marketing,49154
3096,Jack,HR,67569
3097,Alice,Sales,105551
3098,Eva,HR,97825
3099,Grace,Sales,57736
3100,Grace,Marketing,107108
3101,Jack,Engineering,112437
3102,Henry,Engineering,47581
3103,Carol,Operations,70828
3104,Frank,Engineering,111280
3105,Henry,Operations,72053
3106,Eva,HR,115970
3107,Ivy,Finance,119231
3108,Jack,Finance,95527
3109,Henry,HR,75420
3110,Carol,Finance,74901
3111,Carol,IT,81996
3112,Eva,Operations,102288
3113,Carol,Finance,89952
3114,Grace,IT,119682
3115,Carol,HR,112493
3116,Bob,Marketing,71192
3117,Henry,Engineering,80714
3118,Henry,Support,88548
3119,Carol,Support,43669
3120,Bob,Finance,56637
3121,David,Support,117327
3122,Henry,Finance,56050
3123,Alice,Support,66368
3124,Frank,IT,84365
3125,Henry,Operations,81002
3126,Jack,Operations,78714
3127,Carol,Finance,104656
3128,Grace,IT,80547
3129,Henry,Sales,90886
3130,Alice,IT,86070
3131,Bob,Marketing,96915
3132,Henry,Marketing,41143
3133,Frank,IT,69341
3134,Carol,Operations,113864
3135,Henry,Marketing,96211
3136,Jack,HR,73541
3137,Carol,Marketing,104629
3138,Ivy,IT,55271
3139,Carol,Marketing,107701
3140,Frank,IT,85571
3141,Henry,HR,95384
3142,Bob,IT,118427
3143,Grace,HR,42426
3144,Ivy,Support,65541
3145,Carol,IT,97978
3146,Grace,HR,68474
3147,David,Finance,75702
3148,Henry,IT,94571
3149,Alice,Marketing,47720
3150,Alice,Marketing,108231
3151,Bob,Marketing,93183
3152,Henry,Operations,59330
3153,Jack,Finance,99873
3154,Alice,HR,66260
3155,Henry,HR,99756
3156,Alice,Finance,61970
3157,Jack,Support,117475
3158,Carol,Engineering,117842
3159,Frank,IT,63392
3160,Alice,IT,94719
3161,Frank,Support,63998
3162,Eva,Sales,88703
3163,Jack,Sales,117802
3164,Bob,Marketing,66974
3165,Bob,HR,53754
3166,Grace,HR,91023
3167,Eva,IT,72101
3168,Eva,Operations,119289
3169,Grace,HR,98540
3170,Henry,Marketing,108935
3171,Ivy,Support,111792
3172,Frank,Sales,112511
3173,Henry,Operations,49790
3174,Henry,Finance,102075
3175,Alice,IT,117006
3176,Bob,IT,64314
3177,Carol,Support,88474
3178,Eva,HR,67002
3179,Frank,Marketing,83484
3180,Jack,IT,40005
3181,Frank,Finance,48716
3182,Grace,Engineering,57868
3183,Henry,Marketing,94239
3184,Grace,HR,103600
3185,David,Engineering,69342
3186,Eva,Marketing,96107
3187,Jack,IT,112933
3188,Henry,HR,46332
3189,Carol,Marketing,102748
3190,Henry,Marketing,80947
3191,Bob,Support,97774
3192,Frank,Operations,95264
3193,Alice,Support,90836
3194,Carol,Operations,102203
3195,David,IT,46832
3196,Ivy,Engineering,44098
3197,Frank,Engineering,105943
3198,Jack,IT,44136
3199,Ivy,IT,89413
3200,Jack,Support,62483
3201,Carol,IT,95833
3202,David,Operations,76624
3203,Alice,IT,41483
3204,Eva,Operations,57055
3205,Henry,Support,87597
3206,Eva,Support,101322
3207,Grace,Marketing,57137
3208,Frank,Sales,51797
3209,Henry,Finance,106908
3210,Carol,Finance,80110
3211,David,HR,45963
3212,Frank,Engineering,68165
3213,Alice,Marketing,96284
3214,Henry,Operations,57750
3215,David,Engineering,42956
3216,Jack,Sales,109906
3217,Grace,Support,56967
3218,Grace,Finance,55983
3219,Grace,Support,84999
3220,Grace,HR,66295
3221,Eva,Finance,63251
3222,Henry,Support,77947
3223,Carol,Operations,90510
3224,Ivy,IT,112191
3225,David,Sales,91199
3226,Ivy,Support,57468
3227,Eva,Operations,66582
3228,Ivy,IT,69300
3229,Henry,Sales,44348
3230,Carol,Finance,42487
3231,Eva,Operations,43929
3232,Carol,Operations,97190
3233,Grace,IT,106001
3234,David,Marketing,106026
3235,Carol,Finance,108293
3236,Frank,Operations,66419
3237,Jack,Support,73192
3238,Jack,Sales,48701
3239,Jack,Sales,117284
3240,Eva,Finance,93765
3241,Carol,HR,75732
3242,Grace,Sales,51104
3243,David,Finance,119906
3244,Henry,Finance,100678
3245,Carol,Engineering,79587
3246,Frank,Engineering,116778
3247,Frank,Marketing,62783
3248,David,Support,95762
3249,Bob,IT,44006
3250,Alice,Operations,91191
3251,Carol,HR,75824
3252,Bob,IT,50069
3253,Henry,IT,45658
3254,Henry,Support,97654
3255,Eva,Finance,59378
3256,Grace,Finance,106725
3257,Alice,IT,91404
3258,Henry,Support,90396
3259,David,Operations,105883
3260,Alice,Engineering,74943
3261,Eva,IT,79802
3262,Alice,Marketing,64426
3263,Bob,Support,110900
3264,Bob,Finance,46700
3265,Bob,IT,111714
3266,Alice,Support,118491
3267,Henry,Finance,82217
3268,Alice,Sales,44253
3269,Ivy,Sales,54986
3270,Alice,Support,101553
3271,Frank,IT,69711
3272,Carol,Operations,108250
3273,Ivy,Marketing,118442
3274,Carol,Support,101520
3275,Eva,Support,101297
3276,Ivy,Sales,42584
3277,Carol,Marketing,106039
3278,Jack,Engineering,63780
3279,Frank,Engineering,94655
3280,Jack,Support,96329
3281,David,Support,41589
3282,Carol,IT,41669
3283,David,IT,81656
3284,Eva,Sales,62002
3285,Frank,IT,73627
3286,Frank,Finance,42352
3287,David,Operations,73316
3288,Henry,IT,62390
3289,Carol,Operations,76528
3290,Jack,Finance,70152
3291,David,Operations,47059
3292,Bob,Engineering,79701
3293,Frank,Support,82802
3294,Grace,Marketing,114042
3295,Carol,IT,60827
3296,Alice,Engineering,73852
3297,Carol,IT,42141
3298,Carol,Finance,75023
3299,Bob,Engineering,43531
3300,Carol,Marketing,111092
3301,Bob,Engineering,95740
3302,Grace,Sales,73408
3303,Alice,Operations,90527
3304,David,Engineering,106549
3305,Henry,Support,111266
3306,Frank,Marketing,101988
3307,Frank,Marketing,57649
3308,David,Sales,87732
3309,Ivy,Finance,52878
3310,Eva,IT,109600
3311,Frank,HR,118783
3312,Bob,Operations,103863
3313,Eva,Support,85821
3314,Frank,Finance,115439
3315,Carol,Operations,76043
3316,Grace,Sales,54345
3317,Carol,Finance,72648
3318,Henry,Operations,53683
3319,Alice,Marketing,103885
3320,Ivy,Support,58188
3321,Frank,IT,116612
3322,Jack,Engineering,72758
3323,Jack,Sales,67174
3324,Eva,Marketing,70471
3325,Grace,Support,62281
3326,Carol,Support,78148
3327,Carol,Finance,47588
3328,Henry,Sales,43463
3329,Alice,HR,81243
3330,Alice,Support,110717
3331,Jack,Operations,109333
3332,Alice,Support,49714
3333,Ivy,IT,106464
3334,Carol,HR,68501
3335,Grace,IT,99202
3336,Eva,Marketing,93467
3337,Grace,Finance,56746
3338,Ivy,Support,74737
3339,Jack,Sales,70274
3340,Bob,IT,76027
3341,Henry,Finance,64496
3342,Grace,Finance,88148
3343,Alice,Sales,86057
3344,Jack,Engineering,71273
3345,Bob,Finance,101354
3346,Carol,Marketing,75258
3347,Alice,HR,104386
3348,Henry,Finance,63218
3349,Carol,Marketing,45311
3350,Ivy,Finance,103933
3351,Grace,HR,60747
3352,Grace,Operations,119376
3353,Eva,Support,101657
3354,Jack,Support,116930
3355,David,Engineering,95823
3356,Ivy,Sales,78335
3357,Henry,Operations,72359
3358,Carol,HR,67057
3359,Ivy,Support,82272
3360,Grace,IT,113825
3361,Frank,Sales,76510
3362,Frank,Support,90371
3363,Alice,Support,86546
3364,Jack,Sales,101456
3365,Jack,Finance,41234
3366,Frank,HR,74442
3367,Bob,Marketing,43680
3368,Bob,Support,49399
3369,Bob,Marketing,44779
3370,Henry,HR,85161
3371,Grace,Marketing,49225
3372,Frank,IT,72347
3373,Bob,Sales,64293
3374,David,Support,81742
3375,Eva,Sales,119130
3376,David,Engineering,75766
3377,Bob,Sales,80270
3378,Frank,Sales,96218
3379,Henry,Sales,106717
3380,Henry,Marketing,117779
3381,Bob,Sales,52028
3382,Eva,Operations,50628
3383,Ivy,Marketing,81092
3384,Bob,Operations,80989
3385,Frank,Operations,109668
3386,Carol,Sales,97996
3387,Jack,Finance,115938
3388,Frank,HR,52509
3389,David,IT,45429
3390,Henry,Support,42159
3391,Bob,HR,91608
3392,David,IT,42117
3393,Jack,HR,67565
3394,Bob,HR,51630
3395,Ivy,Marketing,100549
3396,Frank,Marketing,60018
3397,Jack,Operations,77347
3398,Eva,Engineering,53851
3399,Bob,Finance,72352
3400,Frank,IT,80910
3401,Ivy,Engineering,100878
3402,Bob,Finance,60943
3403,Grace,Support,101361
3404,Eva,Marketing,90168
3405,Grace,Engineering,55222
3406,Henry,IT,79820
3407,Alice,HR,60095
3408,Frank,HR,118969
3409,Ivy,HR,79664
3410,Carol,Finance,114800
3411,Eva,Operations,44916
3412,Bob,Finance,52826
3413,Frank,HR,64762
3414,Alice,IT,52846
3415,Ivy,IT,62350
3416,Frank,Marketing,60863
3417,Alice,Engineering,113879
3418,Alice,Support,113069
3419,Eva,Support,97076
3420,Eva,Support,42207
3421,Henry,Engineering,95487
3422,Jack,Finance,61891
3423,Henry,HR,77214
3424,Carol,Engineering,43222
3425,Frank,Sales,86003
3426,Bob,Support,62881
3427,David,IT,100799
3428,Eva,Operations,100754
3429,Alice,Operations,104384
3430,Grace,Marketing,78533
3431,David,Support,79400
3432,Ivy,Marketing,56272
3433,Ivy,Engineering,119295
3434,Jack,Sales,108261
3435,Frank,Support,49682
3436,Carol,Engineering,64436
3437,Bob,IT,84797
3438,Jack,Sales,100136
3439,Eva,IT,80552
3440,David,IT,56502
3441,Grace,Operations,79764
3442,David,IT,80176
3443,Eva,Support,64366
3444,Carol,Support,105105
3445,Grace,Sales,68557
3446,Alice,Marketing,112337
3447,Ivy,Support,63675
3448,Henry,HR,45775
3449,Frank,Sales,117804
3450,Henry,HR,115553
3451,David,Sales,66110
3452,Henry,Marketing,91473
3453,Carol,Finance,107428
3454,David,IT,45656
3455,Jack,Support,47208
3456,Carol,IT,77886
3457,Bob,HR,75439
3458,Henry,Operations,119528
3459,Ivy,Sales,97327
3460,Henry,Operations,47766
3461,Eva,IT,50485
3462,Alice,HR,113114
3463,Jack,Support,93051
3464,David,Finance,75110
3465,Alice,Engineering,52933
3466,Eva,HR,63409
3467,David,Operations,102738
3468,Jack,Finance,54349
3469,Henry,Sales,45193
3470,Grace,Support,55546
3471,Frank,Finance,45846
3472,Bob,Finance,101988
3473,Henry,Marketing,102843
3474,Grace,Sales,83010
3475,Henry,Engineering,73413
3476,Grace,HR,102575
3477,Eva,Operations,114972
3478,Henry,HR,63453
3479,Jack,Sales,118998
3480,Alice,HR,93312
3481,Carol,Finance,63041
3482,Ivy,IT,79587
3483,Frank,Finance,48826
3484,Frank,Operations,101771
3485,David,HR,99588
3486,Frank,IT,42186
3487,Eva,Operations,46358
3488,Ivy,Support,109809
3489,Eva,Engineering,83095
3490,Bob,Marketing,80063
3491,Bob,IT,57192
3492,Eva,Finance,46406
3493,Carol,IT,112237
3494,Bob,Engineering,96426
3495,Eva,HR,111254
3496,Grace,Finance,103534
3497,Eva,Finance,94268
3498,David,Operations,50495
3499,Grace,Operations,106819
3500,David,Sales,115993
3501,Bob,Support,111123
3502,Carol,Engineering,63370
3503,Henry,Operations,70126
3504,Eva,Operations,84676
3505,Alice,IT,66429
3506,Henry,Operations,114831
3507,Frank,HR,62749
3508,Henry,IT,108198
3509,Jack,Engineering,58771
3510,Carol,Marketing,59652
3511,Alice,Sales,96298
3512,Grace,IT,49712
3513,Grace,Marketing,74882
3514,Bob,Engineering,116056
3515,Eva,Marketing,49339
3516,Alice,Engineering,81013
3517,Ivy,Marketing,71863
3518,Grace,Sales,116880
3519,Eva,Operations,60383
3520,Frank,Marketing,54865
3521,Grace,Operations,93785
3522,Bob,Support,100687
3523,Ivy,Operations,114555
3524,Jack,Support,63070
3525,Frank,Sales,43226
3526,Ivy,Sales,117993
3527,Ivy,IT,109207
3528,David,Sales,101873
3529,Carol,IT,82132
3530,Bob,Sales,92418
3531,Grace,Engineering,48369
3532,Grace,Finance,107529
3533,Carol,Operations,64136
3534,Bob,IT,54618
3535,Eva,Marketing,103806
3536,Henry,HR,82446
3537,Jack,Sales,118660
3538,David,Marketing,58024
3539,Frank,Operations,78548
3540,Ivy,Engineering,66500
3541,Jack,Finance,105275
3542,Grace,Operations,97265
3543,Jack,Finance,72366
3544,Jack,Marketing,98916
3545,Alice,Operations,94109
3546,Grace,HR,115353
3547,David,Marketing,92772
3548,Alice,Support,116339
3549,Grace,Sales,58525
3550,Frank,Marketing,93956
3551,Alice,Sales,110005
3552,Grace,IT,71057
3553,Carol,Operations,59531
3554,Ivy,IT,67877
3555,Alice,Finance,112890
3556,Frank,IT,80591
3557,David,Finance,80237
3558,Alice,HR,106135
3559,Eva,HR,104375
3560,David,Support,86361
3561,Ivy,Sales,57451
3562,Grace,Finance,118574
3563,Bob,HR,99672
3564,Bob,Operations,84766
3565,Eva,Support,70484
3566,Grace,Sales,40712
3567,Henry,Finance,52866
3568,Ivy,Operations,81565
3569,Alice,Operations,40835
3570,Eva,HR,81443
3571,Ivy,Sales,79302
3572,Eva,Support,47854
3573,Henry,Engineering,93837
3574,Carol,IT,99331
3575,Carol,Engineering,69118
3576,Bob,Marketing,54913
3577,Carol,Finance,98069
3578,Alice,HR,43794
3579,Eva,Sales,79935
3580,Jack,Finance,115048
3581,Frank,Operations,114592
3582,Alice,Marketing,77590
3583,Grace,Marketing,87008
3584,Bob,Engineering,80276
3585,Jack,IT,95377
3586,Ivy,Marketing,114754
3587,Grace,HR,66411
3588,David,IT,56624
3589,Jack,Support,89745
3590,Henry,HR,81688
3591,Henry,Support,117392
3592,David,HR,63880
3593,Henry,Support,116056
3594,Eva,Sales,62581
3595,Henry,HR,109181
3596,Ivy,HR,98209
3597,Bob,Sales,72016
3598,Eva,Sales,56831
3599,David,IT,77562
3600,Eva,IT,65278
3601,Grace,HR,95915
3602,Henry,Support,117714
3603,Frank,Sales,66063
3604,Jack,Finance,41210
3605,Frank,Engineering,82648
3606,Bob,Marketing,93744
3607,Alice,Sales,84873
3608,Grace,Finance,93130
3609,Carol,Support,53079
3610,David,Operations,107498
3611,Jack,Engineering,82878
3612,Carol,Finance,72279
3613,Henry,Operations,49999
3614,Eva,Sales,50389
3615,Carol,Marketing,42593
3616,Grace,Operations,71570
3617,Henry,Engineering,69986
3618,Alice,Operations,89282
3619,Jack,Engineering,67087
3620,David,Operations,90815
3621,Eva,Engineering,80506
3622,Alice,Operations,40590
3623,Eva,Operations,114301
3624,Henry,Operations,85457
3625,Ivy,IT,115153
3626,Frank,Operations,46313
3627,Bob,Marketing,87775
3628,Frank,IT,54596
3629,Jack,Operations,68600
3630,Grace,Operations,114088
3631,Frank,Marketing,49815
3632,Frank,Operations,59577
3633,Eva,Support,81338
3634,Henry,Finance,88230
3635,Carol,Sales,50931
3636,Alice,Marketing,42997
3637,Bob,Marketing,92069
3638,Jack,Finance,42328
3639,Henry,Support,119702
3640,Jack,IT,59343
3641,David,Support,75745
3642,David,Finance,98558
3643,Jack,Engineering,65718
3644,Ivy,Finance,59896
3645,Henry,Sales,59717
3646,Frank,HR,78534
3647,Ivy,HR,51307
3648,Frank,Support,64495
3649,Grace,Operations,111179
3650,David,Support,50674
3651,Alice,Support,46588
3652,Alice,Support,100856
3653,Ivy,Support,71744
3654,Henry,IT,78353
3655,Grace,Support,58055
3656,Jack,Finance,55451
3657,Eva,Finance,117683
3658,Carol,Support,93196
3659,Eva,Support,96258
3660,Jack,Support,67706
3661,Jack,IT,86648
3662,Carol,Support,47797
3663,Frank,Operations,48631
3664,Jack,HR,46113
3665,Bob,Support,101189
3666,Jack,Finance,113019
3667,Eva,Support,71146
3668,David,Finance,43462
3669,Frank,Engineering,57209
3670,Carol,Engineering,88845
3671,Frank,Finance,49274
3672,Jack,Operations,93655
3673,Grace,Engineering,55625
3674,Eva,Sales,77027
3675,Frank,Sales,57671
3676,Henry,HR,48447
3677,David,Support,47709
3678,David,Finance,80231
3679,Grace,Engineering,60117
3680,Grace,Support,101058
3681,Jack,Finance,61452
3682,Frank,Marketing,54963
3683,Jack,IT,60239
3684,Bob,Support,85441
3685,Ivy,Sales,42862
3686,Carol,HR,75599
3687,Jack,IT,72007
3688,Jack,Finance,54106
3689,David,IT,116150
3690,Alice,Engineering,90847
3691,Bob,IT,115789
3692,Frank,Engineering,57187
3693,Grace,Marketing,113875
3694,Grace,Support,84496
3695,Jack,IT,51403
3696,Grace,Marketing,111546
3697,Jack,Operations,77062
3698,Carol,HR,96496
3699,Bob,HR,110096
3700,Frank,Operations,75388
3701,Henry,Engineering,47410
3702,Grace,Support,81151
3703,Grace,Sales,111845
3704,Ivy,Support,44514
3705,Jack,Operations,96912
3706,Carol,IT,107659
3707,Frank,Marketing,119053
3708,David,Finance,90222
3709,Eva,Marketing,54342
3710,David,Support,106662
3711,Carol,Marketing,73355
3712,Frank,IT,56088
3713,Henry,IT,46833
3714,Frank,Operations,90870
3715,Henry,Engineering,47169
3716,Jack,Operations,82521
3717,Alice,Finance,101299
3718,Frank,IT,115084
3719,Eva,Marketing,87428
3720,David,IT,78732
3721,Frank,Operations,86603
3722,Frank,Marketing,116786
3723,Frank,HR,82641
3724,Frank,Operations,119854
3725,Jack,Engineering,115507
3726,Frank,Sales,89654
3727,Carol,IT,66333
3728,Eva,Engineering,100594
3729,Carol,Operations,52144
3730,Carol,Engineering,56266
3731,Jack,Finance,106665
3732,Alice,Operations,94468
3733,Bob,Support,69712
3734,David,HR,55403
3735,Carol,HR,61244
3736,Eva,Support,103013
3737,Jack,Marketing,41821
3738,Jack,Finance,106853
3739,Jack,Operations,49362
3740,Bob,Operations,84746
3741,Frank,Sales,75601
3742,Ivy,IT,93290
3743,David,HR,89681
3744,Bob,Sales,108641
3745,Carol,Operations,106200
3746,Bob,Operations,99436
3747,Carol,Marketing,99467
3748,Grace,IT,83635
3749,Ivy,Operations,76917
3750,Jack,Sales,81919
3751,Ivy,Engineering,92720
3752,Frank,HR,52696
3753,Bob,IT,92569
3754,Ivy,IT,45499
3755,Carol,Finance,64020
3756,Jack,Marketing,54387
3757,Bob,IT,73794
3758,Frank,Support,118945
3759,Ivy,IT,114465
3760,Henry,HR,65680
3761,David,IT,104280
3762,Frank,Finance,87167
3763,David,Marketing,78422
3764,Eva,Marketing,62950
3765,Bob,Finance,113064
3766,Jack,Marketing,112092
3767,Eva,Support,47115
3768,Bob,Finance,92539
3769,Eva,Marketing,71115
3770,David,Support,93796
3771,Ivy,Support,47858
3772,Ivy,Operations,85737
3773,Frank,Marketing,107421
3774,Henry,Marketing,80332
3775,Jack,Support,114465
3776,Alice,Finance,117333
3777,Bob,IT,44150
3778,Henry,Engineering,77995
3779,Ivy,Support,58769
3780,Carol,HR,41609
3781,Alice,Operations,119877
3782,Alice,Engineering,117911
3783,Eva,Engineering,115445
3784,Jack,Finance,113078
3785,Ivy,IT,85200
3786,Frank,Operations,82835
3787,Frank,Support,90699
3788,Carol,IT,48481
3789,Ivy,Operations,108717
3790,Frank,Finance,92865
3791,Grace,Finance,51717
3792,Carol,IT,93427
3793,Frank,Marketing,102703
3794,Grace,Finance,78079
3795,Alice,Sales,84117
3796,Bob,IT,49887
3797,Ivy,Operations,74988
3798,Ivy,HR,108120
3799,Bob,Operations,54874
3800,Ivy,Operations,60542
3801,Alice,Operations,45524
3802,Alice,Engineering,70998
3803,Jack,Marketing,116072
3804,David,Sales,43454
3805,David,Engineering,111494
3806,Alice,Support,79651
3807,Carol,Support,100440
3808,Alice,Finance,84157
3809,Eva,Finance,99942
3810,Ivy,Engineering,53343
3811,Alice,Sales,59969
3812,Jack,Operations,91608
3813,David,IT,105389
3814,Alice,IT,52521
3815,David,Operations,84434
3816,Grace,Support,43069
3817,Eva,Support,51193
3818,Carol,Engineering,58070
3819,Carol,Marketing,71451
3820,Frank,Support,96087
3821,Grace,IT,79842
3822,David,Sales,76207
3823,Frank,Engineering,88784
3824,Eva,Engineering,43953
3825,Alice,Operations,110363
3826,Bob,IT,73247
3827,Alice,Engineering,118059
3828,Ivy,HR,83581
3829,Carol,Support,109600
3830,David,HR,103939
3831,Bob,HR,117733
3832,Jack,IT,112554
3833,Henry,Sales,112545
3834,Alice,Sales,59046
3835,Henry,Operations,77121
3836,Ivy,Marketing,46374
3837,Henry,HR,109658
3838,David,IT,60395
3839,Bob,Operations,46868
3840,Alice,HR,101072
3841,Carol,Marketing,65625
3842,Bob,Support,79951
3843,Grace,HR,87684
3844,Alice,HR,41585
3845,Henry,Operations,73675
3846,Bob,Sales,87063
3847,Ivy,Operations,44316
3848,David,Support,40055
3849,Jack,IT,40968
3850,Grace,Engineering,64949
3851,Frank,IT,54631
3852,David,Engineering,118182
3853,Bob,Engineering,60935
3854,Ivy,Finance,78028
3855,Frank,Finance,63268
3856,Grace,Finance,87319
3857,Jack,Engineering,118283
3858,Bob,Finance,76942
3859,Grace,Engineering,69593
3860,Frank,HR,113504
3861,Frank,Finance,108402
3862,Carol,Finance,109706
3863,Frank,Engineering,117560
3864,Eva,IT,44369
3865,Henry,Support,77330
3866,Frank,Sales,52533
3867,Frank,IT,70585
3868,Frank,HR,102310
3869,Alice,Engineering,89090
3870,Alice,Engineering,116271
3871,Grace,HR,109578
3872,Frank,Finance,78721
3873,Carol,Sales,102945
3874,Frank,Engineering,63019
3875,Alice,Finance,73998
3876,Henry,Sales,93866
3877,Bob,Finance,71058
3878,Ivy,Support,42856
3879,Alice,Support,72139
3880,Alice,Engineering,65850
3881,David,Marketing,57058
3882,Grace,IT,50813
3883,Ivy,Engineering,55471
3884,Jack,Marketing,59969
3885,Frank,Marketing,67666
3886,Eva,HR,81689
3887,Henry,Finance,45650
3888,Eva,Support,47793
3889,Henry,Operations,85845
3890,Grace,Finance,63966
3891,David,Marketing,101055
3892,Frank,Finance,102192
3893,David,IT,110092
3894,Jack,Marketing,63478
3895,Bob,Finance,101105
3896,Grace,Engineering,119871
3897,Bob,Finance,49531
3898,Ivy,IT,40033
3899,Bob,Support,42237
3900,Eva,Marketing,92972
3901,Eva,HR,97419
3902,David,Marketing,49950
3903,Carol,HR,62789
3904,Carol,Operations,45217
3905,Grace,IT,48163
3906,Frank,Operations,92692
3907,Jack,Marketing,73365
3908,Ivy,Sales,89062
3909,Eva,Finance,51902
3910,Bob,HR,119483
3911,Ivy,HR,45535
3912,David,Marketing,79185
3913,Carol,Finance,75657
3914,Grace,Marketing,44216
3915,Carol,Engineering,54318
3916,Frank,Finance,45512
3917,Ivy,Finance,73364
3918,Henry,Operations,102270
3919,David,Support,47352
3920,Eva,Sales,86487
3921,Bob,IT,78583
3922,David,HR,112295
3923,Grace,Sales,75641
3924,Bob,Marketing,90062
3925,David,Support,43366
3926,Bob,Sales,111087
3927,Bob,Marketing,113031
3928,Ivy,Engineering,99910
3929,Frank,Marketing,74091
3930,Carol,Operations,80531
3931,Ivy,IT,70405
3932,Alice,Operations,46663
3933,Eva,IT,46698
3934,Frank,Finance,41561
3935,Alice,HR,111918
3936,Bob,Support,110642
3937,David,Finance,78130
3938,Frank,Operations,60975
3939,Frank,Sales,70080
3940,Ivy,Marketing,72685
3941,Henry,Engineering,76737
3942,Ivy,IT,60253
3943,Alice,Operations,54237
3944,Grace,HR,40386
3945,Jack,Sales,43598
3946,Carol,Engineering,71104
3947,Alice,Sales,46248
3948,Carol,Support,82662
3949,Frank,IT,118051
3950,Alice,Operations,90397
3951,Jack,Support,71365
3952,Henry,Marketing,77678
3953,David,HR,74723
3954,Alice,Finance,99744
3955,Henry,Engineering,42844
3956,Carol,Sales,44754
3957,Jack,Operations,55000
3958,David,Operations,54451
3959,Alice,Operations,62556
3960,Ivy,Finance,73896
3961,Henry,Marketing,64117
3962,Carol,Support,111771
3963,Carol,HR,68545
3964,Jack,Finance,46407
3965,Frank,Finance,42727
3966,Ivy,Operations,60247
3967,David,IT,66250
3968,Jack,IT,119788
3969,Ivy,Finance,119093
3970,Bob,Sales,111483
3971,Grace,Engineering,94162
3972,Bob,Marketing,94907
3973,Ivy,Engineering,92079
3974,Grace,Support,72051
3975,Jack,Marketing,64829
3976,Bob,Operations,99063
3977,Alice,Finance,79489
3978,Grace,Sales,84680
3979,Grace,Support,48258
3980,Carol,Finance,62707
3981,Jack,Support,78857
3982,Henry,Operations,75935
3983,Bob,Engineering,102948
3984,Frank,Finance,68060
3985,Carol,Support,118607
3986,Bob,Sales,107948
3987,Henry,HR,99337
3988,Ivy,HR,94164
3989,Eva,Finance,40156
3990,Frank,Finance,52140
3991,Bob,Support,89551
3992,Frank,Operations,66991
3993,Frank,HR,117668
3994,Carol,Operations,84494
3995,Eva,Support,44495
3996,Bob,Engineering,106367
3997,Grace,HR,68622
3998,Frank,HR,68661
3999,Henry,HR,114240
4000,David,Support,56958
4001,Grace,IT,66009
4002,Frank,HR,111547
4003,Carol,Engineering,93137
4004,Jack,Sales,102396
4005,Ivy,Sales,94075
4006,Alice,HR,83641
4007,Bob,HR,114011
4008,Frank,Finance,66775
4009,Alice,Support,94641
4010,Ivy,Engineering,105403
4011,Jack,Operations,40023
4012,Henry,Engineering,45521
4013,Carol,Engineering,119179
4014,Jack,Marketing,42200
4015,Frank,Finance,53239
4016,Ivy,Support,44153
4017,Carol,HR,85716
4018,Grace,Sales,115714
4019,Alice,HR,110408
4020,Carol,Marketing,96914
4021,Ivy,Engineering,82164
4022,Grace,Operations,116990
4023,Jack,IT,61174
4024,Ivy,HR,92939
4025,Carol,Engineering,81964
4026,Jack,IT,65239
4027,Frank,Marketing,98726
4028,David,HR,68908
4029,Ivy,IT,93954
4030,Carol,HR,105607
4031,Bob,Finance,94384
4032,Eva,IT,112382
4033,Grace,Operations,114299
4034,Ivy,Marketing,76377
4035,Frank,Support,67582
4036,Ivy,Support,82661
4037,Henry,Marketing,50088
4038,Bob,Finance,63994
4039,Grace,HR,98492
4040,Henry,Engineering,65225
4041,David,HR,110965
4042,Henry,Marketing,55309
4043,Alice,HR,80577
4044,Ivy,IT,51529
4045,Alice,Finance,80858
4046,Jack,Marketing,78575
4047,Jack,IT,41252
4048,Ivy,HR,97963
4049,Alice,Marketing,74340
4050,David,IT,82519
4051,Frank,Sales,115268
4052,Alice,Finance,71881
4053,Bob,Sales,43337
4054,Carol,Marketing,40412
4055,Henry,Engineering,59702
4056,Grace,Marketing,63268
4057,Frank,Finance,62678
4058,Jack,Support,87909
4059,David,Finance,92407
4060,Carol,Support,80952
4061,Alice,Finance,110214
4062,Jack,Support,68091
4063,David,Engineering,52693
4064,Grace,IT,73200
4065,Frank,HR,46378
4066,Eva,HR,109186
4067,Frank,Support,113500
4068,Frank,Sales,94477
4069,Ivy,Finance,40756
4070,Henry,Support,103915
4071,David,HR,46599
4072,Frank,HR,88728
4073,Eva,Engineering,58410
4074,Frank,Finance,106815
4075,Ivy,Support,73632
4076,Frank,Sales,107764
4077,Alice,Finance,57421
4078,Henry,Finance,85409
4079,Bob,Finance,83069
4080,Bob,HR,118936
4081,Carol,Operations,78087
4082,David,IT,107051
4083,Carol,Finance,108504
4084,Eva,IT,95695
4085,Eva,Support,112944
4086,Alice,Marketing,81088
4087,Grace,Sales,101908
4088,Alice,Support,108790
4089,Grace,Engineering,101985
4090,Carol,IT,63586
4091,Henry,Support,43331
4092,Carol,Finance,52401
4093,Grace,Sales,97033
4094,David,Support,109382
4095,Henry,Support,73681
4096,Eva,Engineering,42847
4097,Henry,Marketing,100417
4098,Eva,Support,57524
4099,David,IT,106191
4100,Carol,Engineering,47910
4101,Eva,Finance,57758
4102,Carol,Engineering,93870
4103,Henry,Marketing,43056
4104,Carol,Engineering,72092
4105,David,Finance,43335
4106,Eva,Marketing,99430
4107,Henry,IT,44304
4108,Jack,Marketing,62606
4109,Carol,HR,99765
4110,Jack,Finance,109642
4111,Frank,Support,90326
4112,Carol,Finance,87463
4113,Henry,IT,49046
4114,Jack,Support,102612
4115,David,Support,43853
4116,Henry,Finance,45128
4117,Henry,IT,56913
4118,Bob,Marketing,75505
4119,Eva,Marketing,62950
4120,Frank,Operations,118529
4121,Alice,Marketing,47137
4122,Bob,IT,46365
4123,Jack,Operations,86446
4124,Jack,Marketing,99622
4125,Henry,Marketing,74621
4126,Alice,Sales,113906
4127,Henry,Marketing,98032
4128,Bob,Operations,79843
4129,David,Engineering,77922
4130,Ivy,Finance,117295
4131,Ivy,Marketing,51897
4132,Grace,IT,42178
4133,Henry,Marketing,79576
4134,Eva,IT,90141
4135,Ivy,Engineering,93149
4136,Ivy,Marketing,119097
4137,Eva,IT,117052
4138,Ivy,Operations,44476
4139,Grace,HR,75638
4140,Eva,Finance,92978
4141,Bob,Support,54110
4142,Alice,Marketing,81206
4143,Jack,Marketing,110291
4144,Jack,HR,82188
4145,Ivy,IT,94273
4146,Eva,IT,116654
4147,Eva,Operations,40634
4148,Grace,Marketing,78795
4149,David,HR,83266
4150,David,HR,109698
4151,Grace,Engineering,48773
4152,Grace,Marketing,90398
4153,Henry,HR,70112
4154,Ivy,Operations,62488
4155,Jack,Sales,83228
4156,Jack,Support,41308
4157,Carol,Support,108852
4158,Carol,Operations,76705
4159,Eva,Support,54916
4160,Ivy,IT,63022
4161,Jack,Sales,73902
4162,Grace,Finance,63471
4163,Carol,HR,96152
4164,Henry,Support,40947
4165,Henry,Sales,50481
4166,Carol,Engineering,98318
4167,David,Support,48203
4168,Grace,HR,99847
4169,Bob,Engineering,42632
4170,Grace,Marketing,85652
4171,Frank,Sales,62802
4172,Bob,HR,89572
4173,Alice,Support,64530
4174,Grace,Sales,78160
4175,Ivy,IT,58565
4176,Alice,Marketing,109113
4177,Grace,Finance,75682
4178,Frank,HR,113469
4179,Grace,Marketing,64415
4180,Alice,Sales,48319
4181,Grace,Marketing,67991
4182,Alice,Finance,42453
4183,Frank,Support,41602
4184,Carol,Support,116107
4185,David,Sales,73624
4186,Eva,Marketing,52730
4187,Henry,Sales,71421
4188,Jack,Finance,61497
4189,Alice,HR,95028
4190,Grace,Sales,44448
4191,Alice,HR,48337
4192,Ivy,Operations,74235
4193,Carol,Support,87641
4194,Alice,Sales,55162
4195,Bob,Marketing,61933
4196,Jack,IT,79793
4197,Alice,Sales,45169
4198,Frank,Engineering,112729
4199,Jack,HR,44967
4200,Jack,Marketing,72845
4201,Carol,HR,42870
4202,Ivy,Finance,65082
4203,Bob,Sales,40050
4204,Ivy,Support,115321
4205,Jack,Finance,117716
4206,Eva,Engineering,117150
4207,David,Operations,63860
4208,Bob,Marketing,68147
4209,Jack,Sales,74900
4210,Frank,Marketing,106852
4211,Jack,Operations,98828
4212,Jack,Engineering,61358
4213,Henry,Operations,115568
4214,Alice,Finance,60833
4215,Ivy,Sales,62910
4216,Carol,Finance,45263
4217,Frank,Operations,67734
4218,Carol,Finance,55729
4219,Carol,Engineering,59377
4220,Jack,HR,46876
4221,Eva,HR,47034
4222,Grace,IT,62390
4223,David,Finance,81234
4224,Frank,Operations,60923
4225,David,Support,81834
4226,Eva,Sales,59881
4227,Ivy,Support,69910
4228,Ivy,IT,95514
4229,Grace,Operations,90065
4230,Eva,Marketing,53834
4231,Eva,IT,92775
4232,Alice,Operations,49301
4233,Carol,Engineering,66943
4234,Ivy,IT,59636
4235,Ivy,Finance,55468
4236,Eva,HR,109995
4237,Alice,Marketing,44370
4238,Eva,Marketing,73158
4239,David,Marketing,71324
4240,Bob,Marketing,50866
4241,Frank,Engineering,86678
4242,Alice,Marketing,110829
4243,Grace,Finance,40853
4244,Jack,Marketing,51880
4245,Grace,Support,68081
4246,Bob,IT,86997
4247,Bob,Operations,109674
4248,Ivy,IT,68496
4249,Ivy,Operations,78644
4250,Alice,IT,106496
4251,Henry,Finance,41101
4252,Bob,Marketing,69190
4253,Grace,IT,81042
4254,David,Support,91691
4255,Henry,Engineering,99484
4256,Henry,IT,96864
4257,Carol,HR,56988
4258,Eva,Sales,100900
4259,Frank,Finance,61272
4260,Ivy,Sales,78553
4261,Eva,IT,83580
4262,Bob,Operations,71967
4263,Ivy,Marketing,87487
4264,Eva,Operations,70110
4265,Eva,IT,89425
4266,Ivy,HR,59908
4267,Jack,HR,59579
4268,Eva,Sales,46104
4269,Carol,Operations,77711
4270,Henry,Engineering,48545
4271,Ivy,Marketing,42751
4272,Alice,Sales,98763
4273,Bob,Operations,101020
4274,Jack,Engineering,76416
4275,Ivy,Sales,52049
4276,Jack,Sales,85083
4277,David,Finance,52644
4278,David,IT,56501
4279,Frank,Engineering,48230
4280,Eva,HR,95016
4281,David,IT,105259
4282,Alice,Support,106520
4283,Ivy,Support,46722
4284,Alice,HR,66952
4285,Henry,Engineering,98515
4286,Ivy,Engineering,66851
4287,Eva,Sales,55670
4288,Alice,Support,97318
4289,Bob,Marketing,96048
4290,Grace,Sales,104469
4291,Henry,Engineering,109383
4292,Carol,Finance,84784
4293,Ivy,Sales,118343
4294,Frank,HR,43804
4295,Ivy,Sales,47343
4296,Grace,Sales,73069
4297,Jack,Engineering,108968
4298,Alice,Engineering,112164
4299,Ivy,Marketing,96110
4300,Grace,HR,54863
4301,Carol,HR,41402
4302,Frank,HR,81696
4303,Eva,IT,91966
4304,Henry,Support,119197
4305,Grace,Sales,89191
4306,Eva,Operations,113415
4307,David,HR,82628
4308,Alice,HR,54917
4309,David,Marketing,107964
4310,Frank,Sales,113667
4311,Bob,Finance,69915
4312,Henry,Engineering,95470
4313,Ivy,HR,62179
4314,Jack,Operations,117596
4315,Jack,Sales,60063
4316,Alice,Finance,69525
4317,Carol,Sales,114390
4318,Grace,Sales,51743
4319,Frank,Finance,63116
4320,David,Engineering,63059
4321,David,Support,106800
4322,Grace,HR,112830
4323,Jack,Finance,118467
4324,David,Sales,100437
4325,Ivy,Operations,66250
4326,Ivy,Support,89126
4327,Henry,IT,54133
4328,Ivy,Engineering,51471
4329,Frank,Sales,77578
4330,David,HR,55432
4331,Eva,Operations,53483
4332,Grace,HR,82180
4333,Alice,Marketing,104744
4334,Alice,Engineering,48175
4335,Bob,Sales,40401
4336,Carol,Engineering,81118
4337,Grace,Support,50429
4338,David,IT,69055
4339,Grace,Marketing,47349
4340,Eva,Engineering,66078
4341,Henry,Marketing,93307
4342,Jack,Support,78358
4343,David,Marketing,84409
4344,Alice,Support,58345
4345,Henry,Operations,118639
4346,Jack,Finance,55536
4347,David,Engineering,71878
4348,David,Engineering,106773
4349,Bob,Sales,106587
4350,Carol,Operations,47371
4351,Eva,IT,101387
4352,Ivy,Marketing,75252
4353,Frank,HR,113409
4354,Carol,Sales,43060
4355,Grace,HR,103302
4356,David,Marketing,110416
4357,Grace,HR,42946
4358,Jack,Finance,57811
4359,Grace,Marketing,62025
4360,Carol,IT,82328
4361,Carol,Support,73094
4362,Henry,Sales,65106
4363,Ivy,Support,94266
4364,Carol,Finance,48628
4365,Eva,Finance,107762
4366,Henry,Engineering,112706
4367,Grace,HR,66665
4368,Carol,IT,56415
4369,Ivy,Engineering,97291
4370,Bob,Marketing,102717
4371,Carol,Sales,81875
4372,Bob,Engineering,84386
4373,Ivy,Support,103003
4374,Frank,Finance,89134
4375,David,IT,88639
4376,Henry,IT,67294
4377,Eva,Engineering,86390
4378,Ivy,IT,85025
4379,Henry,Operations,63147
4380,Bob,Engineering,65803
4381,Carol,Marketing,40861
4382,Ivy,Sales,75150
4383,Alice,Engineering,71536
4384,Carol,Sales,70613
4385,Grace,Operations,79894
4386,Grace,Finance,91270
4387,Frank,Marketing,93485
4388,Jack,Finance,57463
4389,Carol,Marketing,87066
4390,Alice,Support,110467
4391,Ivy,Support,76554
4392,Carol,HR,77053
4393,Eva,Engineering,65846
4394,Eva,Finance,82815
4395,Eva,Sales,114353
4396,Jack,Operations,76620
4397,Frank,Engineering,106681
4398,Eva,Finance,95532
4399,David,Marketing,99499
4400,Jack,HR,92087
4401,Henry,Sales,71151
4402,Henry,Marketing,109941
4403,Carol,Marketing,97619
4404,Henry,IT,86152
4405,Bob,Support,84911
4406,Bob,Finance,86434
4407,Alice,Marketing,86007
4408,Frank,Operations,87860
4409,Alice,Operations,116770
4410,Grace,Sales,77883
4411,Eva,Operations,67102
4412,Henry,Marketing,99923
4413,Bob,Operations,44311
4414,Ivy,IT,86919
4415,David,Support,119165
4416,Alice,Finance,70961
4417,Henry,HR,67330
4418,Ivy,Support,65599
4419,Carol,IT,89243
4420,Grace,Marketing,108554
4421,Carol,HR,47268
4422,Eva,Support,111537
4423,Bob,HR,59620
4424,Bob,Marketing,80093
4425,Jack,Engineering,71620
4426,Bob,Operations,98395
4427,David,Support,67176
4428,Bob,Finance,54096
4429,Frank,Finance,103826
4430,Eva,Operations,59685
4431,Grace,Support,54601
4432,Henry,Operations,117615
4433,Jack,Marketing,44190
4434,Jack,Support,119126
4435,David,Support,109051
4436,Eva,Marketing,58157
4437,Frank,Operations,93065
4438,Alice,Engineering,60439
4439,Bob,Engineering,43412
4440,Alice,Support,89459
4441,Carol,HR,101417
4442,Ivy,Engineering,97814
4443,Grace,Engineering,56392
4444,Eva,Engineering,98067
4445,Henry,Finance,55103
4446,Bob,Support,48956
4447,David,Sales,56703
4448,Frank,Engineering,104770
4449,Frank,Engineering,63965
4450,Frank,Marketing,67615
4451,Eva,Finance,93413
4452,Eva,Engineering,50560
4453,Jack,Support,90804
4454,Henry,Support,55997
4455,Eva,Operations,49449
4456,Bob,Engineering,119026
4457,Alice,Sales,87156
4458,Carol,Operations,111263
4459,Ivy,Marketing,83085
4460,Grace,Sales,56499
4461,Carol,Marketing,43833
4462,Bob,Engineering,55031
4463,Grace,Support,45560
4464,Ivy,Support,103005
4465,Jack,Support,108065
4466,Bob,IT,41318
4467,Henry,IT,50286
4468,Jack,Support,76899
4469,Grace,Support,73366
4470,Ivy,IT,98976
4471,Ivy,Engineering,100593
4472,Eva,Engineering,114773
4473,Grace,Operations,118701
4474,Jack,Sales,68571
4475,Grace,HR,83997
4476,Frank,Operations,114283
4477,David,IT,89503
4478,Frank,Engineering,83131
4479,Ivy,IT,99939
4480,Alice,Finance,107672
4481,Grace,Marketing,49595
4482,David,Finance,74865
4483,Henry,Sales,92423
4484,Bob,IT,61817
4485,Grace,HR,67230
4486,Henry,HR,60488
4487,Grace,HR,96111
4488,Alice,IT,101761
4489,Ivy,Finance,97692
4490,Ivy,IT,94161
4491,Eva,Engineering,119263
4492,Frank,Support,80080
4493,Ivy,HR,103996
4494,David,Operations,101911
4495,Henry,IT,87205
4496,Ivy,Operations,66059
4497,Henry,HR,108736
4498,Alice,Engineering,83444
4499,Alice,IT,59566
4500,Bob,Operations,72969
4501,Ivy,HR,51178
4502,Alice,Engineering,64043
4503,Frank,Sales,103599
4504,Grace,IT,98718
4505,Jack,Operations,62482
4506,David,HR,52955
4507,David,Marketing,118241
4508,Frank,Operations,87990
4509,Grace,Marketing,69750
4510,Henry,Marketing,58950
4511,Ivy,Marketing,58014
4512,Eva,HR,109146
4513,David,Finance,77619
4514,Alice,Finance,65938
4515,Ivy,Operations,100159
4516,Bob,HR,117214
4517,Frank,IT,91622
4518,Grace,HR,62023
4519,Eva,Finance,113188
4520,Alice,Engineering,42296
4521,Ivy,Support,82729
4522,Bob,Sales,118831
4523,Jack,Finance,73204
4524,Ivy,Engineering,44359
4525,Frank,Engineering,96353
4526,Ivy,Sales,101247
4527,Carol,Sales,84815
4528,Carol,Support,46075
4529,Grace,IT,84807
4530,Ivy,Engineering,95175
4531,Ivy,IT,50628
4532,Carol,IT,40490
4533,Ivy,Sales,61411
4534,Ivy,Engineering,100875
4535,Jack,HR,69674
4536,Grace,HR,44349
4537,Ivy,HR,93677
4538,Frank,Support,77163
4539,Carol,Sales,50313
4540,Jack,Finance,85518
4541,Frank,IT,82134
4542,Bob,IT,44791
4543,Jack,Operations,93324
4544,Alice,Operations,67822
4545,Bob,Finance,83926
4546,Bob,Finance,71587
4547,Jack,Engineering,66524
4548,Henry,HR,89429
4549,Jack,IT,93428
4550,Frank,Finance,103962
4551,Carol,Operations,49715
4552,Carol,Marketing,93348
4553,Alice,HR,53190
4554,Bob,Sales,114757
4555,Henry,HR,81598
4556,Bob,Operations,57791
4557,Ivy,IT,63541
4558,Bob,Sales,85306
4559,David,HR,89320
4560,Eva,HR,94441
4561,Frank,Engineering,45569
4562,Alice,Engineering,106691
4563,Frank,Marketing,59741
4564,David,Marketing,113132
4565,Jack,Marketing,101364
4566,Frank,Marketing,63415
4567,Ivy,Marketing,119602
4568,Henry,Engineering,100058
4569,Jack,HR,95024
4570,Ivy,Finance,92350
4571,David,Sales,83853
4572,Eva,Engineering,116339
4573,Henry,IT,67296
4574,Henry,Engineering,101228
4575,Frank,Operations,85216
4576,Henry,HR,73485
4577,Henry,Engineering,118158
4578,Bob,Marketing,72436
4579,Eva,Marketing,115101
4580,Grace,Operations,114153
4581,Alice,Engineering,41364
4582,Eva,Engineering,113537
4583,Carol,Operations,103177
4584,Henry,Marketing,113385
4585,Ivy,Marketing,48877
4586,Eva,Engineering,51768
4587,Grace,Support,96612
4588,Frank,Support,85251
4589,Henry,Finance,107243
4590,Frank,Operations,79193
4591,Eva,Operations,118528
4592,Carol,Finance,96762
4593,Bob,Marketing,50303
4594,David,Engineering,119435
4595,David,Sales,118192
4596,David,IT,117628
4597,Grace,Marketing,109000
4598,Jack,Finance,51393
4599,Ivy,HR,114949
4600,David,HR,68703
4601,Alice,Support,117491
4602,Carol,Finance,110418
4603,Eva,HR,75901
4604,Eva,IT,115874
4605,Grace,Operations,76628
4606,Eva,Engineering,45786
4607,Carol,Engineering,83512
4608,Henry,Operations,97728
4609,Carol,Operations,115954
4610,Bob,Support,83282
4611,Ivy,Support,65319
4612,Frank,HR,98522
4613,Eva,Operations,92325
4614,Grace,HR,79828
4615,Ivy,Operations,69491
4616,David,HR,47496
4617,Bob,Support,82493
4618,Carol,Operations,112476
4619,Henry,Support,104068
4620,Jack,Finance,98042
4621,David,Marketing,117274
4622,Bob,Marketing,97237
4623,Carol,Engineering,78553
4624,Henry,Engineering,71188
4625,Jack,Sales,52452
4626,Alice,Engineering,104016
4627,Grace,Support,118176
4628,Jack,Support,49861
4629,Ivy,Engineering,47837
4630,Eva,HR,108359
4631,Jack,Operations,92885
4632,Eva,HR,72475
4633,David,Operations,100990
4634,Alice,Support,100527
4635,Henry,HR,100988
4636,Henry,Support,78087
4637,Henry,Finance,101363
4638,Grace,HR,66231
4639,Carol,HR,56939
4640,Carol,Engineering,95262
4641,David,Sales,118153
4642,Frank,Engineering,103418
4643,Henry,Support,70791
4644,Grace,Marketing,74924
4645,Bob,Operations,51061
4646,Alice,Support,76376
4647,Bob,IT,65552
4648,Ivy,Support,62904
4649,Grace,Engineering,51257
4650,Frank,IT,119768
4651,Bob,Operations,69472
4652,Ivy,HR,57372
4653,Jack,Support,50197
4654,Henry,Support,109199
4655,Alice,Sales,78805
4656,Ivy,Engineering,88297
4657,Ivy,IT,51245
4658,Frank,HR,103548
4659,Bob,Finance,114885
4660,David,Operations,97439
4661,Ivy,HR,83509
4662,Eva,Marketing,43980
4663,David,Sales,51000
4664,Eva,Operations,76463
4665,Jack,Engineering,106884
4666,Alice,Engineering,103910
4667,David,Finance,71898
4668,Carol,Support,85386
4669,Carol,Finance,118610
4670,Frank,Sales,48996
4671,Henry,Sales,69318
4672,Jack,Support,115768
4673,Ivy,Engineering,55626
4674,Alice,Sales,76263
4675,David,Finance,99243
4676,Henry,Operations,61442
4677,David,HR,81741
4678,Eva,Marketing,92315
4679,Carol,Sales,102050
4680,Henry,Engineering,109077
4681,Carol,Sales,113156
4682,Ivy,Sales,50244
4683,David,Operations,91136
4684,Frank,HR,84499
4685,Frank,Support,60364
4686,Henry,Engineering,104142
4687,Jack,HR,45347
4688,Alice,Support,89120
4689,Henry,HR,77329
4690,Carol,Marketing,48641
4691,Grace,Engineering,75678
4692,Grace,HR,101006
4693,Jack,Support,81400
4694,Jack,Operations,48701
4695,Henry,Finance,84453
4696,David,Finance,101758
4697,Carol,Support,114716
4698,Jack,IT,96425
4699,Grace,Finance,93472
4700,Carol,Support,70997
4701,Alice,Support,74932
4702,David,Operations,65521
4703,Ivy,Operations,94597
4704,David,HR,76579
4705,Bob,HR,88917
4706,Bob,Operations,72835
4707,David,Operations,102336
4708,Carol,HR,51166
4709,Eva,Operations,116457
4710,Eva,Marketing,86678
4711,Alice,HR,118675
4712,Ivy,Engineering,42235
4713,Jack,Engineering,68688
4714,Grace,Operations,50483
4715,Carol,Support,44999
4716,David,Engineering,101053
4717,David,Operations,58822
4718,Carol,HR,67049
4719,Bob,Engineering,100275
4720,Jack,HR,93150
4721,Bob,Sales,95929
4722,Henry,IT,95840
4723,Bob,Sales,41425
4724,Jack,IT,99692
4725,Grace,Operations,77439
4726,Eva,Support,87033
4727,Bob,Engineering,46712
4728,David,Sales,68348
4729,Carol,HR,93637
4730,Alice,Support,100789
4731,Jack,Operations,50680
4732,David,HR,108057
4733,Ivy,Finance,117528
4734,Bob,HR,79632
4735,Carol,Engineering,40216
4736,Eva,Sales,63040
4737,Jack,HR,115338
4738,Bob,Operations,114290
4739,Ivy,Marketing,75682
4740,Jack,Marketing,57239
4741,Henry,Marketing,68029
4742,Bob,HR,92261
4743,Grace,IT,59370
4744,Carol,Marketing,91691
4745,Ivy,Marketing,50126
4746,Eva,Marketing,48411
4747,Eva,IT,80363
4748,Ivy,Marketing,40190
4749,Alice,Engineering,86082
4750,Jack,Operations,92178
4751,Eva,HR,105040
4752,Alice,Finance,76833
4753,David,Operations,97348
4754,Jack,Operations,111873
4755,Alice,Engineering,90150
4756,David,HR,59539
4757,Ivy,Engineering,61408
4758,Bob,Operations,76586
4759,Ivy,IT,111035
4760,Jack,Engineering,67474
4761,Bob,Marketing,87464
4762,Carol,Sales,95122
4763,Henry,Support,114838
4764,Carol,Engineering,77051
4765,Grace,HR,59086
4766,Ivy,Marketing,56033
4767,Frank,HR,79768
4768,Jack,HR,78273
4769,Frank,HR,105368
4770,Bob,Engineering,57336
4771,Ivy,Operations,94015
4772,Grace,Sales,98959
4773,Alice,HR,73521
4774,Bob,Marketing,95651
4775,Alice,IT,85342
4776,Jack,Operations,85270
4777,Frank,Finance,95802
4778,Ivy,Finance,43039
4779,Bob,Marketing,41909
4780,Henry,Operations,46117
4781,Eva,Marketing,98923
4782,Henry,Sales,45925
4783,Jack,Sales,41131
4784,Carol,Finance,42092
4785,Frank,Finance,88141
4786,David,Engineering,102225
4787,Carol,HR,40520
4788,Bob,Marketing,66881
4789,David,Sales,81311
4790,Eva,Marketing,90918
4791,Carol,Finance,75351
4792,Carol,Finance,112264
4793,Alice,IT,106192
4794,Jack,Finance,115572
4795,Ivy,Marketing,54225
4796,Bob,Engineering,65164
4797,Alice,HR,116998
4798,Grace,Engineering,78854
4799,Grace,Operations,68609
4800,Alice,HR,69499
4801,Grace,Support,91470
4802,David,Finance,92772
4803,Ivy,Engineering,65933
4804,Bob,Sales,43899
4805,David,Engineering,76350
4806,Ivy,Engineering,93057
4807,Jack,Marketing,103220
4808,Bob,IT,94882
4809,Eva,Operations,60944
4810,Carol,Support,107839
4811,Eva,Support,57793
4812,Carol,Marketing,73535
4813,Frank,Marketing,109444
4814,Bob,Sales,81368
4815,Henry,Operations,107248
4816,Ivy,Marketing,63032
4817,Eva,Finance,104682
4818,Bob,IT,92244
4819,Grace,Support,105763
4820,Grace,Finance,91240
4821,Eva,Support,87177
4822,Alice,Finance,114792
4823,Bob,Engineering,88661
4824,Grace,Finance,110782
4825,Carol,Support,106568
4826,Grace,IT,87461
4827,Frank,Finance,83189
4828,Ivy,Operations,61390
4829,Alice,Sales,100586
4830,David,Engineering,51856
4831,Ivy,Engineering,57311
4832,David,Engineering,97214
4833,Eva,Support,58749
4834,Grace,Operations,63202
4835,Carol,IT,110256
4836,Carol,Operations,64999
4837,Ivy,IT,95017
4838,Bob,Finance,107552
4839,Carol,Sales,42557
4840,Jack,Marketing,72786
4841,Carol,Sales,111166
4842,Henry,Finance,89967
4843,Alice,Finance,62029
4844,Eva,Marketing,40489
4845,Jack,Marketing,66090
4846,Carol,Support,58838
4847,Frank,IT,70964
4848,Alice,Operations,69193
4849,Grace,Support,83109
4850,Alice,Marketing,76106
4851,Alice,Sales,85272
4852,Carol,Operations,58079
4853,Bob,Engineering,84510
4854,Jack,Finance,95086
4855,David,IT,40596
4856,Frank,Operations,57420
4857,Bob,Marketing,57361
4858,Henry,Finance,105636
4859,David,HR,117480
4860,Grace,Sales,50600
4861,Eva,Engineering,45990
4862,Bob,Finance,52427
4863,Frank,Finance,110922
4864,Carol,HR,52698
4865,Henry,Marketing,113000
4866,David,Finance,115756
4867,Alice,HR,42534
4868,Alice,IT,57192
4869,Grace,IT,79212
4870,Henry,Finance,91300
4871,David,IT,52812
4872,Carol,Operations,57076
4873,Eva,Sales,79178
4874,Grace,Engineering,69239
4875,Eva,Sales,94744
4876,David,HR,73693
4877,Jack,Marketing,89038
4878,Jack,Finance,57889
4879,Bob,Finance,60498
4880,Henry,Operations,107075
4881,Bob,Operations,70822
4882,Ivy,Operations,45938
4883,David,Operations,47330
4884,Carol,Sales,85384
4885,Frank,Marketing,46050
4886,Bob,HR,43016
4887,Frank,Engineering,85626
4888,Henry,Sales,45976
4889,Bob,IT,103578
4890,Frank,Support,116562
4891,Alice,Engineering,118915
4892,Grace,IT,58827
4893,Frank,Support,44752
4894,Henry,Marketing,69857
4895,Henry,Marketing,105769
4896,Alice,Operations,64580
4897,Eva,HR,115024
4898,Alice,HR,62355
4899,Carol,IT,78149
4900,Alice,Sales,114286
4901,Jack,IT,41803
4902,David,Marketing,100628
4903,Frank,Sales,105611
4904,Bob,Support,102888
4905,Grace,IT,52741
4906,Alice,Operations,105606
4907,Carol,Operations,63428
4908,Eva,IT,98472
4909,Carol,IT,53760
4910,Alice,IT,103406
4911,Bob,Engineering,91635
4912,Ivy,IT,61892
4913,Jack,Finance,80723
4914,David,IT,85833
4915,Grace,Operations,113033
4916,Carol,Operations,84088
4917,Ivy,Operations,66873
4918,Alice,HR,86814
4919,David,IT,53240
4920,Jack,Finance,49480
4921,Frank,Engineering,77876
4922,Eva,Finance,63963
4923,Jack,Operations,99091
4924,Frank,Operations,44087
4925,Carol,Engineering,77603
4926,Frank,Finance,62559
4927,David,HR,50740
4928,Carol,Support,51493
4929,Ivy,IT,41646
4930,Eva,Finance,114270
4931,David,IT,95713
4932,Carol,Engineering,61491
4933,Carol,HR,113377
4934,Jack,Finance,48057
4935,Alice,Support,42399
4936,Eva,Marketing,106508
4937,Carol,Support,114671
4938,Grace,Sales,106962
4939,Jack,IT,95777
4940,Eva,IT,91719
4941,Frank,IT,66628
4942,Ivy,Engineering,118057
4943,Alice,Sales,76916
4944,Bob,Finance,77965
4945,Jack,Support,52520
4946,Frank,IT,95348
4947,Henry,Operations,50286
4948,Ivy,Support,45212
4949,Frank,Finance,70003
4950,Bob,Finance,74276
4951,Carol,Support,100565
4952,Carol,IT,49867
4953,David,Support,69217
4954,Jack,IT,56694
4955,Carol,Support,117854
4956,Bob,Engineering,111340
4957,Ivy,Operations,65515
4958,Frank,Engineering,61863
4959,Frank,Operations,72407
4960,Frank,Operations,42077
4961,David,Marketing,99612
4962,Jack,Finance,45501
4963,Carol,Finance,81971
4964,Henry,Operations,116709
4965,Grace,Support,57207
4966,Grace,Marketing,106485
4967,Henry,HR,42887
4968,Henry,HR,83648
4969,Carol,HR,59470
4970,Frank,IT,64261
4971,Frank,IT,56075
4972,Frank,Sales,73280
4973,Carol,Operations,115256
4974,Carol,Marketing,67101
4975,Alice,Engineering,64850
4976,Ivy,Engineering,69803
4977,Eva,Engineering,42949
4978,Carol,Operations,59255
4979,Eva,Operations,76284
4980,Grace,Marketing,109440
4981,Jack,Operations,82153
4982,Bob,Marketing,94128
4983,Henry,IT,55369
4984,Henry,Operations,63832
4985,Ivy,HR,45309
4986,Frank,Engineering,50096
4987,Alice,HR,104035
4988,Bob,Support,112460
4989,Alice,Support,41951
4990,Henry,Operations,89196
4991,Carol,Support,74894
4992,David,Sales,118690
4993,Alice,Sales,51872
4994,Frank,Finance,73134
4995,Frank,HR,80341
4996,Henry,IT,71514
4997,Bob,Sales,102759
4998,Jack,Finance,63620
4999,Ivy,Support,43667
5000,Carol,Finance,49951
5001,Frank,Sales,52201
5002,Henry,Support,60121
5003,Henry,Operations,91735
5004,Henry,Engineering,113300
5005,David,Engineering,80331
5006,Jack,Finance,51371
5007,Bob,HR,76086
5008,Eva,IT,52809
5009,Alice,IT,47447
5010,Ivy,Operations,79126
5011,Ivy,Operations,65769
5012,Carol,Sales,47782
5013,Bob,IT,114836
5014,Ivy,Operations,95421
5015,Frank,IT,69230
5016,David,Sales,78238
5017,Bob,Marketing,104671
5018,Grace,Operations,107804
5019,Jack,Support,90487
5020,Bob,Marketing,82081
5021,Henry,IT,79821
5022,Ivy,Operations,119580
5023,Jack,Engineering,56678
5024,Frank,Sales,100713
5025,Carol,Finance,55821
5026,Grace,Sales,75560
5027,Ivy,Operations,68834
5028,Ivy,Finance,108004
5029,Carol,Marketing,95207
5030,Ivy,Finance,94298
5031,David,Sales,87662
5032,Alice,IT,93868
5033,Carol,Support,72315
5034,Henry,Operations,98744
5035,David,Support,52858
5036,Jack,Finance,87867
5037,Carol,Sales,104797
5038,Bob,Marketing,111143
5039,David,Marketing,76751
5040,Bob,Sales,107007
5041,Henry,Support,55867
5042,Henry,Operations,71669
5043,Alice,Operations,88417
5044,Frank,Engineering,67564
5045,Frank,IT,119256
5046,Bob,Support,59585
5047,Carol,HR,115371
5048,Jack,Operations,41565
5049,Carol,Support,95245
5050,Henry,Sales,97759
5051,Carol,HR,76125
5052,David,Engineering,115716
5053,Carol,Marketing,79087
5054,Grace,Marketing,73039
5055,Carol,Operations,98958
5056,Ivy,Sales,109343
5057,Ivy,Sales,107544
5058,Henry,Support,85648
5059,Eva,IT,91488
5060,Jack,Sales,52887
5061,Jack,Operations,74872
5062,Alice,Operations,89005
5063,Henry,Operations,115602
5064,Carol,IT,76990
5065,Ivy,Sales,44777
5066,David,IT,116788
5067,Eva,Finance,61472
5068,Ivy,Sales,42358
5069,Eva,Operations,58065
5070,Carol,Sales,42165
5071,Frank,Engineering,112245
5072,David,HR,94439
5073,Alice,Engineering,104133
5074,Eva,Operations,79402
5075,Eva,Sales,70816
5076,Grace,Support,57752
5077,Carol,IT,43623
5078,Carol,Support,104035
5079,David,Marketing,96795
5080,Grace,Engineering,93008
5081,Carol,Engineering,48568
5082,Eva,IT,46580
5083,Bob,Engineering,53108
5084,Carol,Operations,79131
5085,Frank,Marketing,44117
5086,Ivy,Operations,76279
5087,David,Finance,48525
5088,Eva,Engineering,69909
5089,Eva,Sales,67991
5090,Jack,IT,91930
5091,David,Support,107910
5092,Alice,HR,102974
5093,Ivy,Marketing,45892
5094,David,Support,55068
5095,Ivy,Engineering,63603
5096,Carol,Finance,82165
5097,Eva,IT,79071
5098,Alice,Operations,67778
5099,Frank,Marketing,90402
5100,Henry,Marketing,118403
5101,Bob,Support,116645
5102,David,IT,91962
5103,Grace,Operations,73679
5104,Eva,Marketing,89557
5105,Henry,Sales,40997
5106,Henry,Sales,93353
5107,Frank,IT,68512
5108,Ivy,Sales,71757
5109,Jack,Operations,87970
5110,David,Engineering,115568
5111,Bob,Sales,117674
5112,Jack,IT,112010
5113,Alice,Sales,84277
5114,Bob,HR,102175
5115,Alice,HR,65618
5116,Alice,IT,81614
5117,Frank,Finance,109880
5118,Ivy,IT,114665
5119,Frank,Marketing,62979
5120,Eva,Sales,84817
5121,Ivy,Marketing,72548
5122,Henry,Sales,101682
5123,Carol,Support,40066
5124,Henry,Marketing,112552
5125,Alice,HR,93437
5126,Jack,Engineering,75021
5127,Alice,IT,81491
5128,David,IT,96400
5129,Bob,Sales,62724
5130,David,Sales,78675
5131,Frank,HR,119315
5132,Carol,Operations,81923
5133,David,Support,77785
5134,Frank,Marketing,47621
5135,David,Engineering,79959
5136,Alice,Finance,54744
5137,Jack,Operations,92647
5138,Grace,Support,116899
5139,Eva,Operations,98914
5140,Carol,Operations,46522
5141,Alice,IT,95320
5142,Carol,HR,53067
5143,David,Sales,42380
5144,Frank,Support,57311
5145,Alice,Support,95814
5146,Henry,Marketing,51869
5147,Alice,Support,100917
5148,David,Engineering,114473
5149,Bob,Marketing,43433
5150,Jack,Support,109341
5151,Ivy,Finance,73363
5152,Jack,Operations,82001
5153,David,Engineering,105388
5154,Frank,Finance,85465
5155,Jack,Finance,45387
5156,Eva,HR,72340
5157,Eva,Sales,100342
5158,Eva,Engineering,82519
5159,Bob,HR,78276
5160,Bob,HR,40205
5161,Frank,Engineering,96197
5162,Carol,HR,83598
5163,Henry,Support,94245
5164,Grace,Finance,87860
5165,Jack,Sales,46925
5166,Alice,Sales,106397
5167,Henry,Sales,79265
5168,Carol,Sales,49638
5169,Bob,Operations,92626
5170,David,Operations,97853
5171,Carol,Support,117009
5172,David,HR,110835
5173,Eva,IT,97617
5174,Grace,Engineering,46961
5175,Carol,Marketing,82636
5176,Jack,IT,88301
5177,Carol,Operations,66661
5178,Frank,Operations,78986
5179,Frank,HR,46722
5180,Ivy,Finance,108278
5181,Eva,Finance,64802
5182,Henry,IT,95876
5183,Ivy,Support,98951
5184,David,Marketing,68845
5185,Frank,Support,41357
5186,Ivy,HR,45363
5187,David,Finance,40732
5188,Frank,Engineering,73052
5189,David,HR,71616
5190,Bob,Sales,78463
5191,Grace,HR,74100
5192,David,IT,51460
5193,Frank,Engineering,55912
5194,Ivy,Finance,83757
5195,Bob,Marketing,109634
5196,Henry,Support,117174
5197,Eva,Marketing,68203
5198,Carol,Engineering,109940
5199,Frank,Engineering,115584
5200,Jack,IT,51786
5201,Ivy,HR,66562
5202,Grace,IT,56085
5203,Grace,Support,69374
5204,Alice,Engineering,112352
5205,Henry,HR,67058
5206,Alice,Operations,41343
5207,Bob,HR,96211
5208,David,HR,113735
5209,Henry,Operations,117911
5210,Bob,IT,89261
5211,Frank,Sales,104388
5212,Frank,Sales,98270
5213,Frank,Operations,44048
5214,Grace,Finance,52732
5215,Alice,IT,69129
5216,Alice,Finance,55270
5217,Ivy,HR,99408
5218,Carol,HR,117065
5219,Bob,Marketing,96124
5220,David,IT,45991
5221,Jack,IT,81950
5222,Jack,Engineering,111360
5223,Bob,IT,82079
5224,David,Finance,85617
5225,Ivy,Marketing,80388
5226,Bob,HR,54801
5227,David,Support,102297
5228,Grace,Engineering,46619
5229,Bob,Engineering,97028
5230,Eva,Support,44510
5231,Ivy,Sales,114565
5232,Ivy,Operations,111467
5233,Ivy,Operations,92920
5234,Ivy,Operations,70613
5235,Jack,Finance,118779
5236,David,Sales,109237
5237,Bob,Sales,45996
5238,Jack,Marketing,89533
5239,David,Finance,93556
5240,Grace,Engineering,73027
5241,Eva,Support,45356
5242,Bob,IT,69312
5243,Eva,Sales,54453
5244,Carol,Marketing,72469
5245,Bob,Marketing,93670
5246,Eva,Sales,114909
5247,Carol,IT,90255
5248,Frank,HR,60408
5249,Eva,Sales,105457
5250,Grace,Engineering,84885
5251,Alice,Finance,67160
5252,Ivy,HR,115955
5253,Grace,Operations,97366
5254,Ivy,Marketing,112208
5255,Carol,Engineering,53418
5256,Ivy,Marketing,56150
5257,Henry,HR,57189
5258,Alice,Engineering,60345
5259,Frank,Support,85356
5260,Bob,Marketing,51195
5261,Eva,Marketing,64119
5262,Carol,Engineering,53159
5263,Eva,IT,107905
5264,Bob,IT,97773
5265,Carol,Engineering,115130
5266,Henry,Sales,107951
5267,Eva,Sales,91845
5268,Alice,HR,65597
5269,Ivy,IT,56321
5270,Carol,HR,103775
5271,David,Marketing,94470
5272,Alice,HR,98622
5273,Carol,Marketing,48961
5274,Bob,Support,79816
5275,Grace,Operations,45534
5276,Carol,Marketing,82431
5277,Ivy,Engineering,62929
5278,Alice,Engineering,61777
5279,Ivy,HR,96500
5280,David,Engineering,44551
5281,Alice,IT,109092
5282,Jack,Engineering,66907
5283,Alice,HR,82866
5284,Eva,Operations,85739
5285,Carol,Engineering,81523
5286,Grace,Support,106810
5287,Carol,Marketing,54940
5288,Frank,Engineering,55365
5289,Henry,Marketing,90723
5290,Carol,Engineering,93090
5291,Bob,Marketing,96973
5292,Carol,IT,46660
5293,David,IT,77057
5294,Henry,IT,47957
5295,Frank,Sales,55295
5296,Henry,Sales,58019
5297,Eva,Sales,107629
5298,David,Engineering,50560
5299,Grace,Operations,65070
5300,Bob,Finance,76179
5301,Frank,Engineering,96712
5302,Henry,Marketing,54138
5303,Grace,Operations,76410
5304,Frank,Support,89762
5305,Eva,IT,57595
5306,Jack,Marketing,64774
5307,Bob,Finance,90099
5308,Henry,Sales,56970
5309,Eva,Marketing,107338
5310,Grace,HR,46707
5311,Jack,IT,106359
5312,Grace,Engineering,43655
5313,Bob,Support,101498
5314,Jack,IT,111681
5315,Alice,HR,65214
5316,Grace,IT,63118
5317,Ivy,Operations,109777
5318,Frank,Sales,72377
5319,Alice,Finance,71325
5320,Alice,Engineering,75686
5321,Jack,Engineering,50201
5322,Carol,Support,100524
5323,Alice,Support,78584
5324,Grace,HR,95651
5325,Jack,Operations,41552
5326,Jack,Marketing,41618
5327,Ivy,IT,105608
5328,Ivy,Support,89742
5329,Eva,Operations,81629
5330,Jack,Sales,42352
5331,Carol,Engineering,97128
5332,Carol,Finance,75685
5333,David,Finance,43344
5334,Ivy,IT,113327
5335,Ivy,Sales,106244
5336,Carol,Operations,64668
5337,David,Engineering,98328
5338,Jack,IT,106041
5339,Grace,Finance,108286
5340,David,IT,86322
5341,Henry,HR,116273
5342,Eva,Marketing,76208
5343,David,Finance,48024
5344,Jack,IT,67063
5345,Frank,Marketing,105473
5346,Jack,Support,119247
5347,Henry,Sales,99593
5348,David,HR,70474
5349,Bob,Operations,104483
5350,Carol,Operations,44760
5351,Eva,Marketing,96699
5352,Ivy,Support,61712
5353,Bob,Marketing,47674
5354,Grace,Support,93929
5355,Jack,HR,92912
5356,Carol,Support,87853
5357,David,Engineering,44438
5358,Grace,Marketing,45763
5359,Alice,Sales,104171
5360,Bob,Support,60270
5361,Grace,Marketing,73280
5362,Grace,Marketing,103259
5363,Grace,HR,56093
5364,Carol,HR,48252
5365,Frank,Finance,80344
5366,Eva,Engineering,67130
5367,Jack,Sales,51277
5368,Grace,Support,110531
5369,Eva,HR,105179
5370,Ivy,IT,107111
5371,Eva,HR,111635
5372,David,HR,72891
5373,David,Engineering,69321
5374,Carol,Operations,53366
5375,Bob,Sales,74274
5376,Bob,Support,59103
5377,Ivy,HR,40747
5378,Frank,Operations,112262
5379,Alice,HR,56926
5380,Ivy,IT,101940
5381,David,HR,46957
5382,Ivy,HR,86869
5383,Henry,IT,76667
5384,Frank,HR,103980
5385,Alice,Operations,54751
5386,Alice,Marketing,59024
5387,Jack,Engineering,106665
5388,David,Engineering,81334
5389,Jack,HR,97387
5390,Bob,Support,62567
5391,Frank,IT,71601
5392,Jack,HR,95655
5393,Jack,Engineering,112547
5394,Ivy,Marketing,112018
5395,David,Sales,119615
5396,Grace,Finance,116920
5397,Ivy,Operations,82650
5398,David,Sales,46576
5399,Bob,Sales,57512
5400,David,Sales,76157
5401,Frank,Support,44648
5402,Carol,IT,72069
5403,Carol,Support,77106
5404,Eva,Engineering,94981
5405,Bob,Marketing,87649
5406,Ivy,Finance,118284
5407,Alice,Marketing,97739
5408,David,Marketing,46128
5409,Frank,HR,103191
5410,Alice,Marketing,41020
5411,David,HR,93502
5412,Ivy,Marketing,85525
5413,Henry,HR,50144
5414,Henry,Support,49643
5415,Henry,Sales,54517
5416,David,Marketing,106213
5417,Carol,Operations,49620
5418,Alice,Finance,65919
5419,Eva,Engineering,110107
5420,Alice,Engineering,77974
5421,Henry,HR,103538
5422,Frank,HR,69016
5423,Alice,Sales,93644
5424,Ivy,Support,111521
5425,Alice,Sales,65529
5426,David,Finance,46862
5427,Carol,IT,85168
5428,Ivy,Finance,61734
5429,Ivy,IT,50001
5430,Henry,Sales,79153
5431,Ivy,Marketing,116646
5432,Henry,Finance,70918
5433,David,HR,98025
5434,Alice,HR,87150
5435,Eva,Marketing,102789
5436,Henry,Engineering,99662
5437,Ivy,Engineering,116198
5438,Alice,Engineering,57591
5439,Jack,Operations,87266
5440,David,HR,80900
5441,Jack,Operations,62373
5442,Frank,HR,100665
5443,Alice,Support,102313
5444,Eva,IT,105664
5445,Bob,Support,79088
5446,Frank,Finance,92216
5447,Alice,Support,101875
5448,Alice,IT,77404
5449,Eva,Operations,58815
5450,Grace,IT,119275
5451,Alice,Engineering,44848
5452,Alice,HR,49533
5453,Frank,Operations,72058
5454,Jack,Marketing,76938
5455,Jack,IT,56537
5456,Bob,Support,97957
5457,Jack,Engineering,59169
5458,Frank,IT,70298
5459,Jack,Marketing,86466
5460,Grace,Marketing,105733
5461,Alice,Sales,117447
5462,Jack,Support,72627
5463,Grace,Marketing,81406
5464,Henry,HR,62883
5465,Jack,Operations,73025
5466,Eva,Marketing,53351
5467,David,Operations,97692
5468,Henry,Finance,45336
5469,Grace,IT,66121
5470,Alice,IT,116264
5471,Grace,IT,108613
5472,Ivy,Finance,62048
5473,Ivy,Operations,83844
5474,David,Operations,55567
5475,Eva,Support,117346
5476,David,Engineering,93564
5477,Carol,HR,60661
5478,Eva,Finance,119093
5479,Ivy,Engineering,40373
5480,Jack,Operations,45291
5481,Carol,Sales,91084
5482,Henry,Support,44545
5483,Henry,Operations,109198
5484,Alice,Operations,69251
5485,Bob,Engineering,75703
5486,Grace,IT,65854
5487,Henry,Finance,100257
5488,David,Marketing,86803
5489,Jack,HR,109293
5490,Frank,HR,53838
5491,Eva,IT,87867
5492,Carol,IT,60727
5493,Frank,Operations,66990
5494,Eva,IT,44530
5495,Eva,IT,77265
5496,Frank,Sales,85525
5497,Grace,IT,43531
5498,Grace,Operations,86180
5499,Eva,Support,41198
5500,Bob,Finance,119626
5501,Alice,Engineering,50562
5502,Eva,Finance,81057
5503,Henry,Marketing,86952
5504,Carol,IT,82098
5505,Bob,Support,118900
5506,Alice,HR,52969
5507,Alice,Engineering,116993
5508,Carol,Marketing,119558
5509,Ivy,IT,96230
5510,Henry,Engineering,73146
5511,Carol,Support,106437
5512,Henry,Support,76002
5513,Alice,Operations,43423
5514,David,Marketing,76450
5515,Eva,HR,103498
5516,Eva,IT,52926
5517,Carol,HR,70708
5518,Ivy,Finance,64973
5519,Alice,IT,45520
5520,Grace,Engineering,88057
5521,Jack,Finance,70522
5522,Carol,Marketing,56704
5523,Frank,Engineering,92585
5524,Henry,Sales,46523
5525,Henry,HR,58685
5526,Henry,Engineering,100668
5527,David,HR,90160
5528,Jack,Sales,85954
5529,Carol,Finance,117651
5530,Bob,Operations,98720
5531,Grace,Engineering,43255
5532,Ivy,Sales,48923
5533,Carol,HR,75508
5534,Grace,Finance,44548
5535,Eva,Marketing,119409
5536,Alice,HR,96883
5537,Carol,Finance,67128
5538,Eva,Operations,50156
5539,Grace,Support,59954
5540,Jack,Sales,48894
5541,Jack,Marketing,114625
5542,Alice,Operations,119386
5543,Ivy,Operations,80318
5544,Henry,Finance,90561
5545,Ivy,Support,80878
5546,Ivy,Marketing,93953
5547,Carol,Marketing,60585
5548,Frank,Sales,79896
5549,Ivy,Engineering,105446
5550,Eva,IT,44046
5551,Jack,Marketing,42335
5552,David,Support,62038
5553,Frank,Operations,95674
5554,Henry,Operations,66795
5555,Henry,Finance,44669
5556,Frank,Sales,116084
5557,Bob,Sales,75358
5558,Bob,Finance,93858
5559,Bob,IT,98350
5560,Carol,Operations,82727
5561,Henry,Sales,74033
5562,Alice,Marketing,51431
5563,Carol,Finance,87872
5564,Alice,HR,40772
5565,Carol,IT,59926
5566,Ivy,HR,73929
5567,Alice,IT,75040
5568,David,Finance,93302
5569,Grace,IT,107748
5570,Carol,Sales,119299
5571,Henry,Operations,95877
5572,Alice,HR,55414
5573,Ivy,HR,79432
5574,Frank,Support,105442
5575,Jack,Operations,46798
5576,Eva,Finance,94709
5577,Alice,HR,46634
5578,Eva,IT,80871
5579,Grace,Operations,108037
5580,Bob,IT,105768
5581,Eva,Engineering,86512
5582,Carol,HR,116630
5583,Eva,Support,54079
5584,Ivy,IT,113764
5585,Grace,Operations,93726
5586,Bob,IT,58451
5587,Alice,Marketing,64513
5588,Bob,HR,101761
5589,Ivy,Engineering,43046
5590,Ivy,IT,114917
5591,Ivy,Engineering,118146
5592,Carol,Operations,90025
5593,Carol,Engineering,69458
5594,Grace,HR,62727
5595,Bob,IT,103978
5596,Carol,Finance,115561
5597,Alice,Operations,87326
5598,Henry,Operations,80573
5599,Frank,Operations,105471
5600,Alice,HR,66800
5601,Carol,Marketing,62994
5602,Carol,Support,110510
5603,Frank,Sales,111953
5604,Ivy,Marketing,63580
5605,Frank,Sales,111907
5606,David,Marketing,113713
5607,Bob,Finance,76641
5608,Ivy,Sales,69305
5609,Grace,Support,116854
5610,Alice,Operations,59581
5611,Henry,Engineering,53225
5612,Henry,IT,76021
5613,Grace,HR,118425
5614,Grace,IT,98975
5615,Grace,Marketing,117899
5616,Bob,Support,80592
5617,Jack,Operations,94865
5618,Bob,Finance,44172
5619,Ivy,IT,99754
5620,Frank,HR,116108
5621,Eva,Engineering,66883
5622,Ivy,HR,112271
5623,Frank,Sales,76192
5624,Ivy,Sales,47933
5625,Eva,Engineering,51366
5626,Henry,Sales,103984
5627,Frank,Operations,107756
5628,Grace,Operations,58105
5629,Ivy,Operations,99048
5630,Henry,Engineering,102472
5631,Ivy,Operations,117111
5632,Jack,Operations,97730
5633,Jack,IT,77736
5634,Ivy,HR,62349
5635,Grace,IT,58097
5636,Frank,Operations,115377
5637,Jack,Operations,103876
5638,Bob,Engineering,69774
5639,Bob,Sales,119791
5640,Ivy,HR,45461
5641,Jack,IT,99507
5642,Alice,Engineering,52249
5643,Jack,Support,67364
5644,Henry,Sales,111309
5645,Henry,Support,109850
5646,Frank,Sales,98647
5647,Carol,Engineering,93712
5648,Ivy,Engineering,103849
5649,Bob,Operations,73801
5650,David,Engineering,50400
5651,Ivy,HR,99827
5652,Eva,Sales,43794
5653,Bob,Operations,70667
5654,Frank,Marketing,67224
5655,Frank,Sales,79536
5656,Ivy,IT,97911
5657,Grace,Sales,83760
5658,Bob,Sales,90396
5659,Henry,Sales,96793
5660,Alice,IT,103302
5661,Carol,Support,53133
5662,Bob,Sales,48661
5663,Bob,Operations,51496
5664,Carol,Support,64026
5665,Carol,Support,108615
5666,Frank,Support,81250
5667,Bob,Engineering,53239
5668,Grace,Finance,40067
5669,Bob,IT,113154
5670,Alice,IT,64247
5671,Carol,HR,51043
5672,Eva,HR,86821
5673,David,Marketing,119976
5674,Bob,Finance,55055
5675,Henry,Sales,63169
5676,David,Finance,111839
5677,David,Support,86983
5678,Eva,Sales,59412
5679,Alice,Finance,83592
5680,Bob,Finance,88862
5681,Bob,Finance,76780
5682,Carol,Sales,53754
5683,Ivy,Sales,96959
5684,David,IT,99247
5685,Carol,Operations,50519
5686,Ivy,IT,43223
5687,Frank,IT,75047
5688,Carol,Marketing,101548
5689,Eva,Engineering,40148
5690,Carol,Engineering,60223
5691,Alice,IT,63129
5692,Frank,IT,111765
5693,Grace,Support,66876
5694,Ivy,Operations,109681
5695,Eva,Sales,57582
5696,Ivy,Engineering,70850
5697,Carol,Support,98837
5698,Frank,IT,109853
5699,Ivy,Support,79288
5700,Ivy,Finance,111005
5701,Bob,IT,52485
5702,Eva,Engineering,58090
5703,Ivy,HR,100458
5704,Grace,Operations,65306
5705,Ivy,Marketing,113035
5706,Frank,Marketing,80207
5707,Bob,Operations,78085
5708,Frank,Engineering,61708
5709,Carol,Support,48482
5710,Ivy,Marketing,49813
5711,Alice,HR,62902
5712,Ivy,Engineering,55409
5713,Alice,Engineering,98426
5714,Carol,Finance,101514
5715,Jack,IT,78419
5716,Grace,IT,110037
5717,Grace,IT,78246
5718,David,Finance,110975
5719,Henry,Finance,114644
5720,Carol,Operations,105732
5721,Bob,HR,84292
5722,Grace,Engineering,110883
5723,David,Sales,74746
5724,Carol,Operations,41686
5725,David,Engineering,80039
5726,Alice,Finance,56550
5727,Ivy,HR,66097
5728,Grace,IT,69418
5729,Bob,Finance,69707
5730,Eva,Operations,109967
5731,Frank,Operations,57139
5732,Bob,Marketing,107969
5733,Henry,Sales,44987
5734,Ivy,Marketing,93091
5735,Frank,Engineering,115207
5736,Ivy,Engineering,50982
5737,Carol,Operations,84354
5738,Henry,Finance,78929
5739,Henry,Engineering,93380
5740,David,Marketing,91178
5741,Frank,Engineering,83449
5742,Frank,Marketing,110909
5743,David,Engineering,102024
5744,Jack,Finance,104898
5745,Jack,Support,42305
5746,Bob,HR,89679
5747,Bob,Engineering,87486
5748,Frank,Engineering,52093
5749,Frank,Marketing,119672
5750,Henry,HR,104026
5751,Carol,IT,82651
5752,Frank,Sales,102718
5753,Bob,Marketing,91242
5754,David,Engineering,100058
5755,Jack,Marketing,62833
5756,Jack,Marketing,94990
5757,Alice,Finance,59660
5758,Jack,Marketing,85996
5759,David,Engineering,93122
5760,Grace,Sales,67260
5761,Carol,Support,81665
5762,Frank,Marketing,74706
5763,Henry,IT,44234
5764,Frank,Finance,113284
5765,Ivy,Finance,115400
5766,Ivy,HR,49439
5767,Frank,Sales,86929
5768,Henry,Operations,107671
5769,Grace,Marketing,90588
5770,Bob,Engineering,108537
5771,David,Sales,78211
5772,Eva,Finance,79826
5773,Eva,Support,85245
5774,Grace,HR,94482
5775,Frank,Support,103628
5776,Alice,Finance,96419
5777,Frank,Operations,79314
5778,Carol,Marketing,43099
5779,Jack,Marketing,49502
5780,David,Engineering,44310
5781,Jack,Sales,113967
5782,Frank,Sales,76165
5783,Frank,Finance,68795
5784,Bob,Sales,48553
5785,Frank,Finance,70252
5786,Grace,Finance,113441
5787,David,IT,114352
5788,David,HR,52827
5789,Frank,Operations,42918
5790,Frank,IT,113872
5791,Frank,Operations,59308
5792,Frank,Finance,76047
5793,Bob,Finance,112708
5794,Eva,Sales,108903
5795,Ivy,Sales,55278
5796,Carol,IT,117475
5797,Bob,Support,63672
5798,Grace,Operations,61206
5799,Frank,Sales,51238
5800,Frank,Marketing,78459
5801,Eva,Sales,109135
5802,Henry,IT,44638
5803,Grace,Operations,82981
5804,Alice,IT,76218
5805,Ivy,Marketing,117172
5806,Ivy,Marketing,98510
5807,Grace,Sales,61877
5808,Ivy,Finance,88415
5809,Frank,Engineering,87342
5810,Bob,Finance,46458
5811,Frank,IT,84092
5812,Henry,Engineering,112245
5813,Ivy,Sales,44160
5814,Carol,IT,66818
5815,Carol,Marketing,102673
5816,Ivy,IT,80455
5817,Eva,Support,41087
5818,Bob,Finance,103958
5819,Ivy,Finance,82052
5820,Bob,Support,96886
5821,Grace,Engineering,73441
5822,Frank,Sales,53636
5823,Eva,Marketing,92255
5824,Eva,Marketing,82202
5825,Ivy,Support,107858
5826,Carol,Sales,61214
5827,Frank,Finance,102887
5828,Jack,HR,90617
5829,Henry,Finance,60834
5830,Frank,HR,117081
5831,Eva,Operations,43161
5832,Henry,HR,52748
5833,Frank,Engineering,52627
5834,Eva,Finance,71725
5835,Bob,Operations,97473
5836,Carol,Sales,119195
5837,Alice,Support,108941
5838,Henry,Finance,106228
5839,Carol,IT,112218
5840,Frank,HR,60867
5841,Carol,Finance,61043
5842,Henry,Finance,67447
5843,Eva,IT,107083
5844,Ivy,IT,86584
5845,Carol,IT,112467
5846,Carol,Finance,112907
5847,Ivy,Marketing,115860
5848,Frank,Operations,71434
5849,Ivy,IT,56158
5850,Frank,Sales,108319
5851,Eva,Engineering,109609
5852,Henry,IT,95373
5853,Bob,Sales,102741
5854,Bob,Support,76157
5855,Bob,Operations,47962
5856,Bob,Sales,69077
5857,Jack,Support,64970
5858,Alice,IT,105539
5859,Jack,HR,102678
5860,Bob,Finance,43595
5861,David,HR,95051
5862,Jack,Finance,100162
5863,Frank,Marketing,102858
5864,Jack,IT,59396
5865,Frank,Marketing,86197
5866,Alice,Marketing,72143
5867,Jack,Operations,105712
5868,Grace,Finance,109659
5869,Alice,Sales,41650
5870,Frank,Operations,55945
5871,Carol,Finance,69250
5872,Jack,Engineering,90205
5873,Alice,HR,114548
5874,Frank,Marketing,57244
5875,Eva,IT,83810
5876,Frank,HR,40218
5877,Frank,HR,51193
5878,Henry,IT,77330
5879,Jack,Sales,54480
5880,Alice,Operations,57293
5881,Ivy,HR,91957
5882,David,Marketing,48750
5883,Bob,Support,70406
5884,Henry,IT,118179
5885,Ivy,Support,78770
5886,Alice,Support,64641
5887,Ivy,Finance,74561
5888,Carol,Engineering,116930
5889,David,Engineering,65964
5890,Jack,Support,57762
5891,David,Finance,80077
5892,Bob,Sales,64061
5893,David,Marketing,91898
5894,Jack,IT,49765
5895,Bob,Sales,74493
5896,Ivy,Finance,63593
5897,Frank,Engineering,98564
5898,David,HR,91564
5899,Jack,IT,93203
5900,Ivy,HR,111927
5901,Bob,Operations,112152
5902,Bob,IT,81222
5903,Grace,Finance,75264
5904,David,Marketing,85245
5905,Henry,Finance,45364
5906,Frank,Sales,110323
5907,Ivy,Operations,78269
5908,Alice,HR,102426
5909,Frank,Operations,48828
5910,Frank,Marketing,67484
5911,Ivy,Operations,95374
5912,Henry,IT,69942
5913,Jack,Sales,68883
5914,Bob,Marketing,54410
5915,Bob,Operations,85766
5916,Grace,HR,72821
5917,Jack,IT,94549
5918,Grace,HR,115879
5919,Frank,Sales,103133
5920,Frank,Sales,98294
5921,Jack,Support,48574
5922,Frank,IT,81537
5923,Carol,Engineering,75901
5924,Alice,Finance,105232
5925,Carol,IT,76172
5926,Eva,Support,109646
5927,Carol,IT,104205
5928,Henry,Engineering,57968
5929,Frank,Operations,71852
5930,Frank,Support,44170
5931,Henry,Operations,99719
5932,Alice,Sales,114622
5933,Frank,HR,62818
5934,Alice,Support,52769
5935,Alice,Operations,80370
5936,Ivy,Sales,98283
5937,Bob,HR,108085
5938,Henry,Support,50454
5939,Jack,Sales,65225
5940,Henry,Sales,68416
5941,David,Support,48063
5942,Eva,Engineering,43870
5943,Bob,IT,72071
5944,Eva,IT,87930
5945,Carol,Marketing,48276
5946,Carol,Operations,83639
5947,Frank,Support,111491
5948,Grace,Operations,97833
5949,Ivy,Engineering,72504
5950,Henry,Finance,65474
5951,Alice,Support,74724
5952,Frank,Operations,84214
5953,Ivy,Sales,103103
5954,Grace,Finance,101034
5955,Alice,HR,55317
5956,Ivy,Support,80070
5957,David,Support,96744
5958,Henry,HR,65532
5959,Jack,Operations,105928
5960,Grace,Support,60349
5961,Ivy,Sales,40862
5962,Henry,Support,43839
5963,Carol,Sales,82816
5964,Ivy,Engineering,97104
5965,Henry,Engineering,109613
5966,Eva,HR,75215
5967,David,HR,105637
5968,Bob,Support,117606
5969,Alice,Sales,113629
5970,Alice,Marketing,91236
5971,Ivy,IT,89660
5972,David,Finance,103711
5973,Alice,Support,78181
5974,Jack,Sales,79831
5975,Alice,Sales,41762
5976,Alice,IT,107944
5977,Jack,HR,80407
5978,Carol,Sales,93357
5979,Carol,Marketing,109282
5980,David,IT,45918
5981,Eva,Support,77441
5982,Ivy,Sales,115882
5983,Frank,Finance,47410
5984,Eva,Sales,119078
5985,Jack,Operations,50908
5986,Bob,IT,87798
5987,Ivy,HR,105598
5988,Henry,Engineering,72334
5989,David,Engineering,92725
5990,Jack,Sales,104897
5991,Grace,Sales,41673
5992,David,Engineering,106791
5993,Henry,Marketing,59880
5994,Grace,IT,44726
5995,Eva,Engineering,69546
5996,Ivy,IT,41129
5997,Bob,IT,108503
5998,Jack,Finance,91890
5999,Bob,Marketing,71226
6000,Jack,Support,89232
6001,Henry,Finance,91169
6002,Frank,Support,61361
6003,David,Engineering,76177
6004,Henry,Finance,90470
6005,David,HR,59265
6006,Bob,HR,56619
6007,Jack,HR,111783
6008,Ivy,Operations,68484
6009,Henry,Finance,70455
6010,Alice,HR,69927
6011,Frank,IT,50302
6012,Bob,Engineering,45082
6013,Henry,Operations,56571
6014,Jack,Support,118961
6015,David,Sales,57898
6016,Eva,HR,116482
6017,Bob,HR,92161
6018,Alice,Operations,114004
6019,Eva,Finance,90062
6020,Bob,Operations,67650
6021,Bob,Finance,73346
6022,Alice,IT,83024
6023,Frank,Engineering,53349
6024,Bob,Support,43000
6025,David,IT,48825
6026,Henry,Marketing,77706
6027,Grace,Finance,75949
6028,Henry,Finance,46805
6029,David,Operations,57570
6030,Ivy,Marketing,64740
6031,David,Engineering,76158
6032,David,Engineering,75755
6033,David,Support,110757
6034,Grace,Finance,105531
6035,Carol,IT,99830
6036,Bob,HR,40794
6037,Bob,HR,117001
6038,Jack,Finance,79518
6039,Alice,Marketing,55374
6040,David,Sales,55301
6041,Grace,Engineering,118957
6042,Ivy,Support,68037
6043,Carol,Finance,92413
6044,Bob,Finance,96328
6045,David,Operations,53304
6046,Ivy,HR,88922
6047,Henry,HR,89628
6048,Frank,Finance,90406
6049,Eva,Finance,79417
6050,Henry,Marketing,93586
6051,David,IT,70598
6052,David,Finance,72397
6053,Alice,Marketing,88109
6054,Frank,Sales,102523
6055,Carol,Finance,91010
6056,Carol,Marketing,85094
6057,Henry,IT,89159
6058,Grace,Marketing,113457
6059,Eva,Sales,111300
6060,Henry,Support,58635
6061,Jack,Operations,107440
6062,Grace,Finance,106297
6063,Ivy,IT,69202
6064,David,Marketing,86853
6065,Carol,Finance,80212
6066,Eva,Engineering,101876
6067,Grace,Support,106834
6068,Henry,Sales,47120
6069,Bob,Finance,79817
6070,Ivy,Operations,87079
6071,Grace,Operations,57288
6072,Carol,Operations,111293
6073,Grace,Operations,68088
6074,Jack,HR,73281
6075,Carol,Support,97702
6076,Grace,Sales,94635
6077,Henry,Marketing,96473
6078,Jack,Finance,104138
6079,Frank,Engineering,73039
6080,Jack,Operations,76013
6081,Henry,Support,97716
6082,Eva,Finance,78762
6083,David,HR,49774
6084,Bob,Operations,81786
6085,Bob,Finance,68354
6086,Grace,Marketing,72750
6087,Grace,Marketing,97642
6088,Bob,HR,65542
6089,Carol,Sales,68281
6090,Carol,Sales,48568
6091,Henry,Support,59002
6092,Alice,IT,52133
6093,Carol,Support,112593
6094,Ivy,Support,103441
6095,Frank,Finance,118643
6096,Henry,Finance,87547
6097,Ivy,Engineering,74858
6098,Alice,Finance,40919
6099,Henry,Engineering,108366
6100,Bob,Sales,119123
6101,Grace,Support,118568
6102,Bob,Sales,92727
6103,Bob,IT,63678
6104,Frank,Operations,72153
6105,Eva,Finance,104644
6106,Grace,HR,69605
6107,Grace,Sales,102653
6108,Frank,Support,47153
6109,Grace,Finance,109224
6110,Carol,Support,93109
6111,David,IT,97272
6112,Grace,Operations,70128
6113,Ivy,Engineering,41441
6114,Eva,Finance,112004
6115,Ivy,Operations,96310
6116,David,Sales,82590
6117,Eva,IT,48733
6118,Bob,Sales,93929
6119,David,Support,78640
6120,Alice,Sales,84031
6121,Henry,Sales,74817
6122,Bob,Engineering,105465
6123,Ivy,Engineering,112779
6124,Bob,Sales,112648
6125,Henry,Marketing,47751
6126,Bob,Finance,78069
6127,Ivy,Marketing,72041
6128,Henry,IT,71261
6129,David,Support,113402
6130,Bob,Sales,89111
6131,Eva,Support,52498
6132,Frank,Engineering,50768
6133,Bob,Sales,97871
6134,Alice,Engineering,108050
6135,David,Finance,112831
6136,Ivy,Finance,82397
6137,Eva,IT,113060
6138,Henry,Operations,80147
6139,Eva,Marketing,84123
6140,Grace,Marketing,87696
6141,Frank,Engineering,82240
6142,Alice,Marketing,78190
6143,Carol,Sales,59247
6144,Ivy,Finance,79534
6145,Jack,HR,64242
6146,Frank,Support,47693
6147,Alice,IT,77361
6148,Alice,Operations,79595
6149,Ivy,Operations,86090
6150,David,Operations,108769
6151,Frank,Marketing,80799
6152,Grace,Support,82425
6153,Grace,Marketing,57109
6154,Frank,HR,62622
6155,Carol,HR,113434
6156,Bob,Operations,111672
6157,Ivy,Sales,85161
6158,Carol,Marketing,93327
6159,Alice,Sales,90756
6160,Henry,HR,42958
6161,Ivy,HR,74950
6162,Frank,Support,49801
6163,Grace,Sales,97717
6164,David,Operations,83224
6165,Eva,Engineering,75599
6166,Carol,IT,117155
6167,Grace,IT,98690
6168,Jack,Operations,85470
6169,Frank,Finance,91661
6170,Alice,Finance,117774
6171,Bob,Support,54002
6172,Henry,Marketing,75317
6173,Frank,IT,90459
6174,Grace,Operations,60435
6175,Frank,Finance,110339
6176,Jack,HR,51150
6177,Carol,Marketing,59971
6178,Eva,Support,69599
6179,David,Operations,68214
6180,Bob,Marketing,48492
6181,Grace,Engineering,44522
6182,Jack,Support,68140
6183,Alice,Support,41735
6184,Eva,Engineering,107731
6185,Grace,Sales,58610
6186,Bob,Sales,119001
6187,Grace,IT,43137
6188,David,Support,83286
6189,David,Operations,81717
6190,Jack,HR,73849
6191,Grace,IT,61930
6192,David,HR,106869
6193,David,Engineering,66773
6194,David,HR,100703
6195,Alice,IT,112584
6196,Jack,Sales,63770
6197,Bob,Finance,56701
6198,Frank,Marketing,90384
6199,Carol,HR,98157
6200,Frank,Sales,69291
6201,Grace,Engineering,62451
6202,Ivy,Sales,86957
6203,Frank,Operations,104800
6204,Eva,Sales,44450
6205,Jack,HR,41613
6206,Henry,Sales,73464
6207,Henry,Finance,74223
6208,Grace,Marketing,78520
6209,Eva,Support,74851
6210,Henry,Sales,100228
6211,Alice,Marketing,106055
6212,Bob,Sales,43687
6213,Alice,Operations,75431
6214,Jack,HR,43444
6215,Eva,Finance,72718
6216,Grace,Support,70671
6217,David,HR,85790
6218,Ivy,IT,106851
6219,Ivy,IT,55746
6220,Grace,Support,77378
6221,Bob,Engineering,106368
6222,Alice,Finance,64506
6223,Frank,Operations,78186
6224,Carol,Sales,67645
6225,David,Support,46085
6226,Henry,Operations,49206
6227,Frank,Sales,43623
6228,Henry,Operations,55935
6229,Henry,Sales,92011
6230,Alice,Marketing,118534
6231,Jack,Support,84778
6232,Ivy,Marketing,71422
6233,Alice,IT,72161
6234,Bob,HR,107768
6235,Alice,Engineering,112954
6236,Frank,IT,103996
6237,Ivy,Marketing,74225
6238,Ivy,Finance,101119
6239,Henry,Operations,111999
6240,Frank,Marketing,89389
6241,David,Support,64914
6242,Carol,Sales,114269
6243,Grace,Sales,106737
6244,Jack,Sales,84534
6245,Alice,Finance,100683
6246,Ivy,Operations,109064
6247,Carol,Marketing,41342
6248,Carol,Operations,80322
6249,Henry,Engineering,82059
6250,Jack,Sales,89075
6251,Jack,Operations,54685
6252,Frank,HR,64132
6253,David,Sales,97376
6254,Jack,Finance,68343
6255,Bob,Engineering,90643
6256,Henry,IT,98742
6257,Grace,Finance,62773
6258,Alice,Engineering,89908
6259,Jack,Operations,41957
6260,Grace,IT,114328
6261,Jack,HR,72359
6262,Grace,Sales,78330
6263,Eva,Operations,42091
6264,Alice,HR,68658
6265,David,Sales,91374
6266,Carol,IT,52757
6267,Frank,Operations,107638
6268,Alice,Engineering,114935
6269,Carol,Support,65135
6270,Jack,Marketing,74667
6271,Frank,Engineering,97425
6272,David,Finance,43540
6273,Eva,Support,105688
6274,Henry,Marketing,83877
6275,Eva,Marketing,100610
6276,Alice,Finance,79574
6277,Grace,Operations,63522
6278,Carol,HR,48833
6279,Ivy,Support,75793
6280,Ivy,Operations,66461
6281,Henry,Engineering,56781
6282,Jack,IT,87270
6283,Grace,Support,74202
6284,Eva,Finance,76218
6285,Carol,IT,83854
6286,Carol,IT,112302
6287,Carol,Engineering,74883
6288,Carol,Finance,69534
6289,Ivy,Marketing,113216
6290,Jack,Support,40030
6291,Henry,IT,106909
6292,Henry,Engineering,80490
6293,Henry,Finance,97826
6294,David,Support,105340
6295,Alice,Support,111506
6296,Grace,Operations,59458
6297,Bob,Sales,58054
6298,Ivy,HR,119882
6299,Frank,Finance,70168
6300,Eva,Marketing,69017
6301,Henry,Operations,62957
6302,Grace,IT,70186
6303,Henry,Engineering,87051
6304,Frank,Support,54358
6305,Alice,Marketing,57123
6306,Ivy,HR,95091
6307,Bob,Marketing,76324
6308,Alice,Support,78657
6309,Ivy,Sales,85191
6310,Henry,Marketing,64101
6311,Ivy,Engineering,50201
6312,Carol,Sales,117374
6313,Frank,IT,93829
6314,Alice,Engineering,52247
6315,Jack,Sales,91242
6316,Carol,Engineering,52186
6317,David,Finance,81227
6318,Ivy,Operations,49528
6319,Eva,Operations,65305
6320,Eva,Marketing,108406
6321,David,IT,81389
6322,Alice,Operations,103251
6323,Grace,Marketing,79576
6324,Alice,Support,82678
6325,Eva,Operations,86104
6326,Alice,Engineering,109437
6327,Henry,Engineering,110440
6328,David,Sales,89707
6329,David,Sales,58936
6330,Frank,Operations,45042
6331,Bob,HR,112387
6332,Eva,Finance,99454
6333,Henry,HR,94073
6334,Eva,Finance,100434
6335,Henry,Sales,62679
6336,David,Marketing,88492
6337,Bob,HR,40583
6338,David,Engineering,110793
6339,Eva,Sales,78263
6340,Frank,Marketing,84389
6341,Henry,IT,107732
6342,Frank,Marketing,41779
6343,Henry,Finance,100193
6344,Eva,Finance,61221
6345,Bob,Operations,110043
6346,Ivy,HR,53118
6347,Grace,Sales,42868
6348,Bob,Sales,85159
6349,Henry,Sales,45339
6350,Carol,Engineering,102993
6351,Eva,HR,86514
6352,Eva,IT,87902
6353,Frank,Support,46529
6354,Henry,IT,99907
6355,Ivy,Support,67091
6356,Alice,Support,69713
6357,Bob,Support,48008
6358,Bob,Support,62516
6359,Eva,Engineering,79892
6360,David,Marketing,66716
6361,Bob,Sales,104790
6362,Alice,HR,66630
6363,Alice,Operations,63755
6364,Ivy,HR,84902
6365,Alice,Marketing,50676
6366,Grace,Support,118706
6367,Jack,Sales,73645
6368,Jack,Support,79948
6369,Grace,Sales,116272
6370,Bob,Finance,118879
6371,David,Operations,68387
6372,Grace,Operations,81141
6373,Grace,Finance,70125
6374,Eva,HR,117600
6375,Bob,Marketing,89985
6376,Henry,IT,78673
6377,Grace,HR,91358
6378,Alice,HR,41357
6379,Eva,HR,62935
6380,Alice,Sales,95900
6381,Bob,IT,68215
6382,Eva,Finance,98696
6383,Alice,Marketing,81448
6384,Grace,Engineering,51115
6385,Jack,Marketing,78499
6386,Frank,Engineering,62876
6387,Ivy,Finance,85746
6388,Ivy,Finance,80514
6389,Eva,Sales,94725
6390,Henry,Engineering,61128
6391,Ivy,Finance,87641
6392,Eva,IT,43937
6393,Bob,Marketing,69819
6394,David,Finance,93986
6395,Alice,Engineering,63756
6396,Ivy,Support,60169
6397,Henry,Sales,44058
6398,Carol,Support,97490
6399,Eva,Engineering,45378
6400,Eva,Marketing,80099
6401,Jack,Support,90703
6402,Grace,IT,88400
6403,Eva,Marketing,99640
6404,Eva,Engineering,99051
6405,Eva,HR,90446
6406,Jack,Sales,113134
6407,Grace,Engineering,92170
6408,Bob,Support,93227
6409,Frank,Sales,101001
6410,Bob,Support,69089
6411,Carol,Finance,72610
6412,Jack,Finance,101808
6413,Eva,Support,68966
6414,David,Finance,43777
6415,Grace,IT,88218
6416,Ivy,HR,117602
6417,Ivy,Operations,112510
6418,Grace,IT,63122
6419,Grace,Finance,42993
6420,Alice,Operations,47195
6421,Henry,HR,56889
6422,Frank,Marketing,68157
6423,Jack,IT,97657
6424,Carol,HR,86092
6425,Eva,Engineering,69081
6426,Eva,Operations,100251
6427,Grace,Sales,93083
6428,Frank,HR,40055
6429,Jack,HR,78829
6430,Carol,Marketing,99183
6431,David,Engineering,45574
6432,Henry,IT,96943
6433,Bob,Support,95450
6434,Bob,Operations,75771
6435,Bob,Support,57696
6436,Carol,Operations,60187
6437,Henry,Marketing,94379
6438,Bob,Operations,106825
6439,Bob,IT,52982
6440,Ivy,Operations,53338
6441,Bob,Sales,101156
6442,Ivy,Sales,89766
6443,Grace,Support,81684
6444,Ivy,HR,75831
6445,Bob,Sales,72249
6446,Jack,Marketing,78133
6447,Henry,Marketing,90963
6448,David,Sales,44452
6449,David,Support,118921
6450,Ivy,Support,59699
6451,Jack,Sales,40333
6452,Jack,Finance,92167
6453,Eva,Engineering,74478
6454,Jack,Engineering,53430
6455,Bob,Finance,114799
6456,Eva,Support,104362
6457,Grace,Support,84068
6458,Jack,Sales,114284
6459,Henry,Marketing,97720
6460,Alice,Finance,105257
6461,Ivy,Finance,79839
6462,Frank,Sales,63502
6463,Grace,IT,70573
6464,Jack,HR,51540
6465,David,Support,103450
6466,Bob,Sales,41988
6467,Carol,Engineering,49635
6468,Frank,Engineering,75805
6469,Frank,Support,88812
6470,Henry,Operations,97965
6471,Jack,Support,56146
6472,Frank,Marketing,113463
6473,Alice,Finance,107718
6474,Eva,HR,73654
6475,Eva,IT,69419
6476,Jack,Support,49844
6477,Grace,Sales,50137
6478,Alice,Sales,93759
6479,Carol,Engineering,59847
6480,Grace,Operations,108467
6481,Jack,Engineering,79003
6482,Henry,HR,56006
6483,Jack,Operations,50013
6484,Henry,IT,52546
6485,Eva,Engineering,53357
6486,Grace,Finance,112145
6487,Carol,Operations,91186
6488,Grace,Support,43898
6489,Eva,Marketing,47037
6490,Ivy,Engineering,90540
6491,Grace,Operations,108589
6492,Frank,Engineering,99348
6493,Grace,Engineering,65940
6494,Carol,Support,59393
6495,Henry,HR,104636
6496,Bob,HR,67170
6497,Eva,Marketing,62770
6498,Eva,Support,79309
6499,Carol,Marketing,92194
6500,David,Marketing,76012
6501,Bob,Finance,82186
6502,Frank,Support,76949
6503,Henry,Operations,100474
6504,Henry,Operations,42355
6505,Bob,HR,46908
6506,Grace,Support,106434
6507,Jack,Sales,112422
6508,Jack,Marketing,117747
6509,Grace,Operations,91304
6510,Bob,Finance,54782
6511,Ivy,Marketing,110046
6512,David,IT,117171
6513,Ivy,Operations,54453
6514,Grace,Operations,116102
6515,Carol,Operations,114773
6516,Alice,Operations,92012
6517,Frank,IT,62736
6518,David,Sales,110348
6519,Henry,Engineering,83567
6520,Jack,Operations,46072
6521,Henry,HR,48821
6522,Eva,Sales,97918
6523,Henry,Marketing,102621
6524,Bob,Sales,94599
6525,Bob,HR,61781
6526,Bob,Engineering,99169
6527,David,Sales,90428
6528,Eva,Sales,72124
6529,Alice,Engineering,68355
6530,David,IT,40884
6531,Eva,Sales,55391
6532,David,Operations,109413
6533,Ivy,HR,95707
6534,Grace,HR,60091
6535,Jack,Marketing,93418
6536,Bob,Engineering,117369
6537,Eva,Operations,42340
6538,Jack,IT,115207
6539,Bob,IT,102726
6540,Carol,Finance,94874
6541,David,Marketing,53695
6542,Bob,Engineering,52621
6543,Frank,Operations,114530
6544,Frank,Finance,67043
6545,Carol,Sales,43361
6546,Carol,Support,107611
6547,Carol,Marketing,101036
6548,Ivy,Finance,96352
6549,Alice,Operations,72723
6550,Grace,Engineering,113727
6551,Bob,HR,40412
6552,Carol,Operations,88797
6553,Ivy,Finance,112889
6554,Ivy,HR,68842
6555,Eva,Support,51638
6556,Alice,Support,101039
6557,Carol,Finance,59705
6558,Carol,Sales,56072
6559,Ivy,Sales,55872
6560,Frank,Support,96675
6561,Grace,Operations,40575
6562,Bob,Engineering,108253
6563,Eva,Finance,68897
6564,Carol,Sales,40666
6565,Ivy,IT,101416
6566,Grace,IT,51324
6567,Frank,Support,76971
6568,David,Finance,53852
6569,Bob,Finance,105191
6570,David,Marketing,90971
6571,Alice,HR,48993
6572,Frank,Sales,103591
6573,Bob,Finance,102981
6574,Ivy,Sales,85508
6575,Jack,Marketing,64516
6576,Grace,Marketing,119037
6577,Alice,Support,51822
6578,Henry,Operations,119854
6579,Alice,IT,76317
6580,Bob,HR,61922
6581,Jack,Marketing,84631
6582,Ivy,Operations,113019
6583,David,Sales,80656
6584,Carol,HR,64601
6585,Jack,IT,48563
6586,David,Marketing,64264
6587,Frank,Engineering,96804
6588,Carol,IT,57420
6589,Frank,Finance,81898
6590,Eva,Support,68006
6591,Bob,HR,86521
6592,Ivy,Support,107888
6593,Carol,HR,63086
6594,Eva,Finance,118648
6595,Eva,Engineering,55280
6596,Carol,Sales,63796
6597,Bob,IT,96654
6598,Frank,Marketing,59698
6599,Henry,IT,88327
6600,Jack,Operations,108830
6601,David,Operations,62661
6602,Henry,Marketing,78744
6603,Carol,Engineering,119447
6604,Frank,Sales,41195
6605,Alice,Support,72503
6606,Grace,Finance,51250
6607,Frank,Sales,47347
6608,Bob,Operations,110257
6609,Carol,Finance,42444
6610,Bob,HR,77529
6611,David,HR,89268
6612,Carol,Support,76723
6613,Jack,Marketing,79335
6614,Ivy,Marketing,58778
6615,Bob,Operations,110626
6616,Eva,IT,72560
6617,Eva,Sales,66064
6618,Henry,Support,45715
6619,Grace,Sales,42058
6620,Henry,Operations,98815
6621,Jack,IT,85151
6622,Eva,Finance,84164
6623,Grace,IT,103474
6624,Alice,Finance,88905
6625,Grace,Sales,96402
6626,Grace,Engineering,76868
6627,Eva,IT,97467
6628,Grace,IT,114980
6629,Bob,HR,63207
6630,Eva,Finance,60610
6631,David,IT,72986
6632,David,Support,61551
6633,Bob,Finance,79375
6634,David,Engineering,85072
6635,Eva,Marketing,116208
6636,Ivy,HR,58915
6637,Alice,Engineering,63882
6638,Henry,IT,65096
6639,Ivy,Operations,91355
6640,Jack,Operations,114104
6641,Carol,HR,71868
6642,Grace,Sales,102388
6643,Grace,Operations,115982
6644,David,HR,98995
6645,Eva,IT,76563
6646,David,IT,53839
6647,David,Marketing,112985
6648,Bob,HR,66693
6649,Eva,Marketing,114615
6650,David,Engineering,118565
6651,David,Support,113991
6652,Ivy,Operations,51771
6653,Eva,HR,61461
6654,Eva,Sales,90880
6655,Alice,Support,49446
6656,Eva,Operations,91651
6657,Henry,Engineering,62162
6658,Ivy,HR,73828
6659,Carol,Finance,115231
6660,Ivy,Engineering,61534
6661,Carol,Sales,40335
6662,Alice,Finance,97962
6663,Bob,Finance,64555
6664,Henry,Operations,40248
6665,Grace,Marketing,70871
6666,Bob,Support,77218
6667,Alice,Support,112238
6668,Ivy,Operations,51338
6669,Bob,Engineering,64391
6670,David,Support,68796
6671,Frank,Operations,109552
6672,Ivy,Marketing,50973
6673,Henry,Engineering,61834
6674,David,Finance,89430
6675,David,Engineering,82411
6676,Jack,HR,90454
6677,Bob,Support,48585
6678,Jack,Support,71529
6679,Jack,Engineering,117313
6680,Bob,Operations,69295
6681,Alice,Sales,79088
6682,Frank,HR,79051
6683,Carol,IT,117066
6684,Eva,Support,93910
6685,Grace,HR,104577
6686,Carol,HR,66881
6687,Grace,Operations,117470
6688,Alice,Operations,57288
6689,Carol,Operations,88788
6690,Ivy,Support,67262
6691,Henry,Sales,89109
6692,Carol,Marketing,54058
6693,Grace,Operations,93430
6694,Eva,Finance,76626
6695,Henry,Operations,62365
6696,Henry,HR,77996
6697,Alice,Finance,42441
6698,Henry,Marketing,68605
6699,Ivy,Finance,101782
6700,Carol,IT,85967
6701,Eva,HR,88675
6702,Jack,Sales,119213
6703,Carol,Support,65331
6704,Eva,Engineering,111738
6705,Henry,Support,42307
6706,Alice,Engineering,94404
6707,Bob,IT,103342
6708,David,Operations,102411
6709,Alice,Sales,106890
6710,Eva,Sales,43147
6711,Grace,IT,71572
6712,Alice,IT,44492
6713,Carol,Sales,92302
6714,Carol,Marketing,67309
6715,Eva,Operations,59650
6716,Alice,Finance,48498
6717,Alice,IT,118227
6718,Alice,HR,53741
6719,Alice,Operations,83812
6720,Henry,Engineering,80061
6721,David,Sales,97979
6722,Jack,Engineering,76866
6723,Ivy,Sales,109199
6724,Ivy,Sales,98273
6725,Grace,HR,94722
6726,Frank,Operations,104535
6727,Frank,Operations,80996
6728,Alice,Marketing,99569
6729,Jack,HR,109737
6730,Jack,IT,105331
6731,Bob,HR,104080
6732,David,Marketing,113213
6733,Ivy,Marketing,105968
6734,Bob,Finance,112481
6735,David,IT,66953
6736,Eva,Marketing,112006
6737,Eva,IT,67581
6738,Ivy,Engineering,76294
6739,David,Support,60599
6740,David,Sales,86434
6741,Bob,Marketing,92321
6742,Henry,Finance,43815
6743,Frank,Engineering,116288
6744,Eva,HR,65351
6745,Grace,Support,103164
6746,Grace,Marketing,97258
6747,Henry,Sales,70828
6748,David,IT,110523
6749,Carol,Operations,91684
6750,Alice,Finance,88802
6751,Carol,Operations,88146
6752,Eva,Support,63089
6753,Henry,Marketing,114212
6754,David,Engineering,59004
6755,Ivy,Marketing,101773
6756,Ivy,Marketing,60661
6757,Bob,Marketing,115047
6758,David,Sales,72484
6759,David,Sales,58708
6760,Jack,Finance,41413
6761,Ivy,Operations,59313
6762,Henry,Engineering,82773
6763,Grace,Sales,82864
6764,Eva,Operations,46219
6765,Eva,Marketing,41158
6766,Bob,Finance,51001
6767,David,HR,79879
6768,Bob,HR,60585
6769,Alice,Engineering,49418
6770,David,Marketing,78077
6771,Grace,Engineering,54282
6772,Grace,Finance,70929
6773,Grace,HR,115831
6774,Henry,Support,62506
6775,Henry,Engineering,93607
6776,Jack,IT,82592
6777,Henry,HR,57587
6778,Ivy,IT,115783
6779,Grace,Support,46241
6780,Jack,HR,44012
6781,Frank,Engineering,68545
6782,Alice,IT,50738
6783,Henry,HR,105211
6784,Bob,Sales,105793
6785,Frank,HR,94689
6786,Grace,HR,50907
6787,Grace,Support,102316
6788,Jack,Marketing,45816
6789,Ivy,Finance,85598
6790,Bob,Sales,112661
6791,Frank,Sales,82296
6792,Eva,IT,56610
6793,Carol,Finance,93875
6794,Carol,Support,50049
6795,Alice,HR,46306
6796,Carol,HR,89240
6797,Eva,Sales,110866
6798,Frank,HR,95341
6799,David,Operations,109760
6800,Carol,Support,90962
6801,Eva,Sales,64282
6802,Carol,Marketing,70898
6803,Henry,Operations,89671
6804,Carol,Engineering,57635
6805,David,Sales,54359
6806,Eva,Operations,82803
6807,Bob,Engineering,83815
6808,Frank,Sales,109937
6809,David,Sales,88893
6810,Henry,Operations,70415
6811,Bob,Support,103072
6812,Carol,IT,106820
6813,Ivy,Engineering,81172
6814,Ivy,Engineering,42982
6815,Grace,Sales,57216
6816,Henry,Sales,61376
6817,Alice,HR,59333
6818,Jack,Finance,116820
6819,Alice,Operations,81693
6820,David,Engineering,104043
6821,Alice,Sales,112488
6822,Eva,Sales,40867
6823,Grace,Engineering,73416
6824,Frank,Engineering,69238
6825,Ivy,Engineering,113184
6826,Henry,Marketing,112338
6827,Grace,Sales,112131
6828,Bob,Sales,93641
6829,Jack,Engineering,102860
6830,Carol,Sales,44360
6831,Carol,HR,75638
6832,Eva,Support,84015
6833,Frank,Support,98662
6834,David,Marketing,72377
6835,Henry,Operations,65161
6836,Bob,Engineering,54883
6837,Henry,HR,100146
6838,Eva,Marketing,43275
6839,Jack,IT,112836
6840,Alice,Support,90028
6841,Henry,Support,113722
6842,Ivy,HR,78588
6843,Alice,Marketing,54786
6844,Henry,IT,66798
6845,Bob,Operations,108824
6846,Bob,HR,114504
6847,Ivy,Finance,71426
6848,Ivy,IT,67348
6849,David,Finance,56796
6850,Alice,Finance,94258
6851,Frank,Finance,112989
6852,Frank,HR,41974
6853,Alice,Engineering,50907
6854,Frank,Support,62560
6855,Ivy,Engineering,64425
6856,Eva,IT,61445
6857,Henry,Support,62885
6858,Ivy,Support,115078
6859,Bob,IT,55054
6860,Bob,Marketing,59923
6861,Grace,Sales,55998
6862,David,Finance,119304
6863,Bob,HR,64955
6864,Eva,Operations,86706
6865,Ivy,Support,54395
6866,Henry,IT,90880
6867,Henry,Marketing,45665
6868,Henry,Engineering,42892
6869,Frank,Marketing,77308
6870,Eva,Marketing,114554
6871,Ivy,IT,111251
6872,Ivy,Engineering,80924
6873,Henry,IT,101627
6874,Bob,Finance,51862
6875,Ivy,Support,65227
6876,David,Operations,76622
6877,Jack,Finance,61093
6878,Carol,Operations,76745
6879,Grace,Marketing,104668
6880,Eva,Engineering,53151
6881,Alice,Support,89303
6882,Jack,Sales,62677
6883,Frank,Sales,74873
6884,Henry,Support,79118
6885,Bob,IT,46365
6886,Ivy,Support,42029
6887,Bob,Support,91648
6888,Bob,HR,83778
6889,Frank,Operations,101423
6890,Ivy,Support,62843
6891,Alice,HR,42824
6892,Carol,Marketing,103052
6893,Carol,Sales,66717
6894,Eva,Engineering,74861
6895,Frank,Engineering,55002
6896,Frank,Engineering,90187
6897,Bob,Sales,67795
6898,Alice,Finance,119404
6899,Grace,Marketing,65238
6900,Henry,Marketing,71638
6901,Alice,Engineering,41457
6902,Eva,Engineering,41810
6903,Jack,Support,112737
6904,David,HR,118328
6905,Frank,IT,118652
6906,Henry,Sales,84825
6907,Ivy,Engineering,72913
6908,Eva,IT,75572
6909,Ivy,Operations,71785
6910,Bob,IT,49941
6911,Frank,Marketing,58106
6912,Henry,HR,65492
6913,Eva,Operations,86384
6914,Bob,Operations,71955
6915,Eva,Support,96143
6916,Grace,Marketing,87380
6917,Bob,Marketing,98735
6918,Bob,Finance,118720
6919,Henry,Operations,78632
6920,Bob,HR,67768
6921,Eva,Operations,50530
6922,Carol,Marketing,59101
6923,Eva,Finance,64389
6924,Bob,Finance,98338
6925,Eva,IT,114431
6926,Eva,IT,59360
6927,Ivy,Operations,50084
6928,Henry,HR,40054
6929,Henry,IT,73673
6930,Jack,Marketing,108277
6931,Henry,Finance,119782
6932,Grace,Finance,60437
6933,Henry,Support,51010
6934,Grace,Sales,42287
6935,Jack,Operations,67595
6936,Frank,Marketing,49149
6937,Ivy,Support,98703
6938,Eva,IT,48657
6939,Ivy,Engineering,87073
6940,Jack,IT,50345
6941,Bob,Sales,69253
6942,Eva,IT,48870
6943,Grace,Engineering,106529
6944,Carol,Engineering,57938
6945,Ivy,Finance,76646
6946,Ivy,Sales,50865
6947,Frank,Support,86711
6948,Eva,Engineering,70183
6949,Frank,Sales,64768
6950,Eva,IT,71012
6951,Alice,Finance,111611
6952,Frank,IT,69871
6953,Eva,Support,75136
6954,Ivy,Engineering,43186
6955,Grace,Operations,94190
6956,Grace,Marketing,99609
6957,Jack,Marketing,50260
6958,Carol,Support,56309
6959,Alice,Finance,87226
6960,Bob,IT,57019
6961,Jack,Sales,75901
6962,Eva,Support,118523
6963,Jack,Finance,63040
6964,Ivy,Support,97297
6965,Alice,Support,93584
6966,Eva,Operations,111196
6967,Ivy,Operations,41822
6968,Grace,Finance,82829
6969,Grace,HR,64314
6970,Ivy,Marketing,103076
6971,Grace,Operations,54690
6972,Frank,Finance,42954
6973,David,Sales,94037
6974,Henry,HR,51718
6975,Alice,Marketing,83792
6976,Ivy,Finance,46275
6977,Jack,Sales,103211
6978,Grace,HR,104158
6979,Jack,Marketing,81744
6980,David,Marketing,84379
6981,Frank,Operations,81181
6982,Eva,HR,95551
6983,Frank,IT,109762
6984,David,Operations,58620
6985,Carol,IT,102870
6986,Frank,IT,93715
6987,Eva,HR,54231
6988,Alice,Finance,89841
6989,Henry,HR,108165
6990,Frank,IT,107732
6991,Jack,Finance,90207
6992,Frank,IT,52002
6993,Henry,IT,102051
6994,Jack,Marketing,110838
6995,Eva,HR,91513
6996,Henry,Support,80571
6997,Jack,IT,46452
6998,David,HR,89190
6999,Jack,Marketing,88610
7000,Jack,Sales,113281
7001,Ivy,HR,94267
7002,Carol,IT,85201
7003,Eva,Support,89449
7004,Bob,Engineering,49331
7005,Ivy,Finance,52038
7006,David,Marketing,90643
7007,Alice,Support,114132
7008,Carol,Support,69533
7009,Frank,Support,88602
7010,Bob,Support,53130
7011,Jack,Engineering,116998
7012,David,IT,112761
7013,Jack,Finance,102550
7014,Carol,Marketing,116167
7015,David,IT,107614
7016,Grace,Marketing,70221
7017,Alice,IT,71955
7018,David,IT,70812
7019,Carol,Operations,44506
7020,Alice,Support,114224
7021,Henry,Engineering,98882
7022,Jack,Sales,65599
7023,Carol,IT,44122
7024,Jack,Sales,77028
7025,Jack,Finance,90951
7026,Henry,HR,84493
7027,Eva,Marketing,80067
7028,Jack,Sales,100664
7029,Alice,IT,60934
7030,Jack,Marketing,119399
7031,David,HR,70221
7032,Grace,Engineering,99090
7033,Frank,Engineering,62452
7034,Carol,Sales,95001
7035,Carol,Operations,59554
7036,Henry,Engineering,57379
7037,Bob,Marketing,103816
7038,Bob,IT,98257
7039,Eva,Support,55750
7040,Grace,Operations,49032
7041,Grace,HR,51224
7042,David,Engineering,92916
7043,Frank,Engineering,44331
7044,Frank,Sales,50672
7045,Jack,IT,41401
7046,Henry,HR,90676
7047,Henry,IT,116137
7048,Bob,Support,106232
7049,Grace,Sales,61945
7050,Alice,Marketing,119398
7051,Jack,Support,93899
7052,Carol,Marketing,47538
7053,David,Finance,42872
7054,Bob,HR,80347
7055,Ivy,Engineering,113277
7056,Alice,HR,76422
7057,Alice,Marketing,109518
7058,Carol,Marketing,73941
7059,Grace,Operations,112193
7060,Frank,Sales,57778
7061,Henry,Marketing,101501
7062,Carol,HR,45504
7063,David,Operations,44804
7064,Grace,Operations,72985
7065,Grace,HR,118577
7066,Jack,Sales,47710
7067,Henry,HR,52423
7068,Carol,HR,118223
7069,Henry,IT,68103
7070,Eva,IT,75620
7071,Frank,Finance,103912
7072,Bob,HR,69507
7073,Henry,Engineering,96658
7074,Jack,Support,100042
7075,Jack,Finance,92893
7076,Carol,HR,111876
7077,Grace,Marketing,110159
7078,Ivy,Support,110735
7079,Alice,Engineering,86911
7080,Ivy,Operations,59416
7081,Grace,Finance,97287
7082,David,Finance,76258
7083,Grace,Operations,85358
7084,Alice,Support,106975
7085,Henry,HR,98834
7086,Grace,IT,79496
7087,Frank,Marketing,88414
7088,David,Marketing,40849
7089,David,Support,102284
7090,Bob,HR,42454
7091,David,Sales,65380
7092,Jack,IT,54300
7093,Alice,Marketing,43277
7094,Ivy,IT,109443
7095,Carol,IT,84142
7096,Bob,Marketing,62035
7097,Henry,HR,70171
7098,Bob,HR,48612
7099,Carol,Marketing,51112
7100,Alice,Sales,106349
7101,Grace,Support,75543
7102,Eva,Finance,97594
7103,Eva,Sales,81155
7104,Bob,Engineering,43337
7105,Jack,Support,108487
7106,Alice,Finance,50104
7107,Eva,Engineering,97979
7108,Ivy,Marketing,117539
7109,Frank,HR,62500
7110,Alice,IT,97117
7111,Carol,Finance,42721
7112,Carol,Sales,63296
7113,Carol,Engineering,43070
7114,Alice,Operations,89739
7115,Jack,Marketing,114653
7116,Jack,Operations,105847
7117,Henry,Finance,43386
7118,Bob,Engineering,43398
7119,Bob,Marketing,53132
7120,Grace,IT,88897
7121,David,Finance,44969
7122,Bob,Finance,45621
7123,Alice,HR,92693
7124,Jack,IT,86125
7125,Ivy,Marketing,76376
7126,Henry,Engineering,94488
7127,David,Finance,67675
7128,Alice,Sales,49319
7129,Ivy,Marketing,116827
7130,Carol,Operations,61712
7131,Eva,Support,110468
7132,Jack,IT,115099
7133,Henry,Engineering,72847
7134,Eva,Marketing,45079
7135,Henry,HR,84947
7136,David,Sales,99789
7137,Alice,Operations,103974
7138,Eva,Support,90863
7139,Henry,IT,84436
7140,Bob,Engineering,83233
7141,Eva,IT,110360
7142,Ivy,Operations,78949
7143,Ivy,Marketing,114860
7144,Grace,IT,86040
7145,Grace,Marketing,41324
7146,Eva,Sales,86141
7147,Henry,IT,112584
7148,Eva,Marketing,118690
7149,David,Sales,72225
7150,David,IT,83322
7151,Henry,Support,85811
7152,Bob,Support,99016
7153,David,HR,67281
7154,Jack,Sales,82668
7155,Alice,Operations,65846
7156,David,Engineering,86196
7157,Henry,Sales,80191
7158,Alice,Finance,46702
7159,Bob,HR,107128
7160,Henry,Sales,44585
7161,Frank,Support,82385
7162,Henry,Support,41963
7163,Alice,Support,96196
7164,Bob,Engineering,54640
7165,Ivy,Marketing,63033
7166,Jack,Support,100048
7167,Ivy,Engineering,98046
7168,Carol,IT,100355
7169,Jack,Engineering,74788
7170,Jack,Finance,63249
7171,Jack,Operations,98368
7172,Grace,HR,46061
7173,Henry,Support,62445
7174,Jack,Operations,55523
7175,Ivy,Support,93397
7176,Jack,Finance,105169
7177,Ivy,Engineering,64122
7178,Bob,Operations,44548
7179,Alice,Finance,68004
7180,Henry,Support,111024
7181,Carol,IT,118512
7182,Alice,HR,109360
7183,Henry,IT,87299
7184,Ivy,HR,44960
7185,Henry,IT,112054
7186,Henry,Support,74407
7187,Bob,IT,76682
7188,Ivy,Support,43010
7189,Henry,Sales,51281
7190,Grace,IT,51038
7191,Henry,Finance,82361
7192,Ivy,IT,66716
7193,Bob,Operations,113257
7194,Bob,Support,112254
7195,Frank,HR,45762
7196,Jack,Support,111396
7197,Grace,IT,97095
7198,Bob,Support,97828
7199,Grace,Operations,104375
7200,Bob,Marketing,102625
7201,Bob,Operations,116078
7202,Ivy,Support,100941
7203,Eva,Support,71431
7204,David,Support,64764
7205,Henry,Engineering,50105
7206,Ivy,Marketing,52516
7207,Jack,Finance,91038
7208,Henry,HR,110949
7209,Frank,Sales,40892
7210,Alice,IT,41221
7211,David,IT,75476
7212,Bob,HR,54922
7213,Grace,Support,67792
7214,Alice,Support,105675
7215,Ivy,Finance,110589
7216,David,Engineering,54468
7217,David,Finance,92912
7218,Grace,Finance,55662
7219,Eva,IT,61063
7220,Alice,Sales,57296
7221,Ivy,Support,52936
7222,David,IT,72847
7223,David,Operations,80282
7224,David,Engineering,88045
7225,Henry,Engineering,70331
7226,Bob,Engineering,48649
7227,Frank,Support,50863
7228,Grace,Support,57974
7229,Frank,Engineering,55044
7230,Bob,Engineering,118829
7231,David,Support,46221
7232,Alice,Support,114482
7233,Ivy,HR,59072
7234,Ivy,Marketing,67650
7235,Grace,Support,112631
7236,Carol,Support,47496
7237,Bob,Marketing,45457
7238,David,Marketing,47458
7239,Henry,Operations,119454
7240,Jack,Marketing,104969
7241,Jack,Support,57314
7242,Ivy,Operations,96178
7243,Alice,HR,111371
7244,David,Support,112959
7245,Bob,Marketing,102949
7246,Jack,HR,74101
7247,Frank,Marketing,103674
7248,Jack,Sales,117798
7249,Henry,Marketing,98177
7250,Frank,Support,77114
7251,Grace,Finance,57098
7252,Ivy,HR,60206
7253,Frank,Marketing,52942
7254,Frank,Sales,41302
7255,Bob,Sales,57577
7256,Jack,Marketing,58343
7257,Frank,Operations,84945
7258,Alice,IT,75122
7259,Carol,IT,67887
7260,Grace,Marketing,95671
7261,Eva,Sales,72565
7262,David,Marketing,119939
7263,Jack,IT,83724
7264,Frank,Marketing,100593
7265,Eva,Engineering,79711
7266,Carol,HR,84466
7267,Ivy,Marketing,67165
7268,Eva,Support,57675
7269,Eva,Marketing,63396
7270,Jack,Operations,78518
7271,Bob,Marketing,73138
7272,Bob,IT,87753
7273,Bob,Operations,106237
7274,Carol,HR,44032
7275,David,Finance,63049
7276,Carol,IT,64195
7277,David,Sales,94341
7278,Grace,Finance,75243
7279,Grace,HR,52501
7280,Carol,Marketing,112493
7281,Henry,Engineering,91259
7282,Henry,Marketing,52811
7283,Eva,Sales,69041
7284,Ivy,Operations,58882
7285,Grace,Support,76560
7286,Frank,Support,109144
7287,Henry,Operations,100283
7288,Carol,HR,64973
7289,Jack,IT,116058
7290,Alice,HR,93847
7291,Jack,Finance,44168
7292,Grace,HR,63734
7293,Eva,Finance,98371
7294,Henry,Engineering,97796
7295,Frank,Sales,64938
7296,Alice,Finance,95237
7297,Frank,HR,65338
7298,Eva,Sales,100387
7299,Alice,Operations,54394
7300,Bob,Support,106090
7301,Carol,IT,61946
7302,Ivy,Finance,47594
7303,Jack,Finance,71996
7304,Alice,Finance,64482
7305,David,Support,79411
7306,Henry,Finance,97785
7307,Alice,Marketing,66194
7308,Jack,IT,116816
7309,Bob,Marketing,86256
7310,Alice,Marketing,85697
7311,Alice,Engineering,92817
7312,David,Finance,87536
7313,Jack,Support,74055
7314,Henry,Marketing,107334
7315,Eva,IT,76871
7316,Ivy,Marketing,55481
7317,Frank,Support,51782
7318,Bob,Finance,104731
7319,Jack,Sales,76574
7320,Eva,Sales,68951
7321,Eva,Engineering,55547
7322,Frank,IT,42600
7323,Frank,Sales,98578
7324,David,Operations,88201
7325,Carol,IT,82567
7326,Bob,Operations,95300
7327,Eva,Operations,62752
7328,Jack,Operations,83135
7329,Alice,Operations,69526
7330,Ivy,HR,107912
7331,Bob,Engineering,53275
7332,Grace,Finance,106706
7333,Henry,HR,63860
7334,Bob,Engineering,65160
7335,Bob,Operations,71646
7336,Ivy,Engineering,73777
7337,Grace,Marketing,117553
7338,Frank,Finance,105897
7339,Frank,Engineering,118693
7340,Bob,IT,65386
7341,Eva,IT,92065
7342,Jack,Support,114288
7343,Bob,Operations,113163
7344,Alice,Engineering,61744
7345,Eva,Sales,88466
7346,Carol,Finance,99010
7347,Carol,Engineering,109023
7348,David,Sales,71375
7349,Frank,Operations,81670
7350,Ivy,Marketing,47433
7351,Bob,HR,65294
7352,Alice,Operations,110380
7353,Bob,Marketing,92853
7354,Ivy,Engineering,75406
7355,Ivy,Engineering,110313
7356,Bob,IT,91537
7357,Frank,Engineering,88356
7358,Eva,Operations,97740
7359,Jack,Support,58919
7360,Bob,Sales,84204
7361,Alice,Finance,79339
7362,Henry,Support,44018
7363,Ivy,Marketing,95641
7364,Jack,Support,43036
7365,Carol,Finance,67039
7366,Bob,Engineering,59025
7367,Jack,Operations,105874
7368,David,Sales,44494
7369,Jack,Operations,75435
7370,David,Support,75563
7371,Carol,Engineering,59351
7372,Carol,Sales,58266
7373,Ivy,Sales,83945
7374,Eva,Marketing,86763
7375,Eva,Finance,81832
7376,Grace,Support,101412
7377,Bob,Support,53266
7378,David,Engineering,60991
7379,Grace,Sales,68545
7380,Henry,Marketing,52148
7381,Frank,IT,59825
7382,Bob,Finance,59178
7383,Bob,IT,58368
7384,Bob,Engineering,100019
7385,Carol,HR,112729
7386,Eva,HR,104053
7387,Grace,Support,48981
7388,Ivy,Sales,62364
7389,Jack,Finance,54281
7390,Ivy,HR,108001
7391,Eva,Operations,81311
7392,Frank,Sales,100432
7393,Ivy,Finance,80409
7394,Eva,Finance,69210
7395,Bob,Engineering,64048
7396,Ivy,Sales,95750
7397,Grace,Operations,61723
7398,Alice,Finance,81524
7399,Henry,Marketing,85037
7400,Alice,Operations,41951
7401,Grace,Sales,66226
7402,Bob,Sales,43292
7403,Henry,Operations,105257
7404,Jack,Engineering,78308
7405,Grace,Finance,93389
7406,David,IT,100398
7407,Henry,IT,99887
7408,Henry,Sales,66728
7409,Bob,Engineering,105048
7410,Grace,Support,61956
7411,Alice,Marketing,101572
7412,Ivy,Marketing,72895
7413,Frank,Support,71841
7414,Bob,IT,53003
7415,Grace,IT,59375
7416,Bob,Sales,54207
7417,Bob,IT,46130
7418,Eva,Sales,49986
7419,Bob,Finance,116530
7420,Carol,Finance,116447
7421,Grace,Operations,47551
7422,Eva,Marketing,42911
7423,Eva,Sales,70393
7424,Jack,Finance,53217
7425,Bob,Support,101364
7426,Grace,Operations,81349
7427,David,HR,91412
7428,Bob,Engineering,114657
7429,Henry,Engineering,73058
7430,David,Operations,63609
7431,Bob,IT,79236
7432,Grace,Support,95197
7433,David,Operations,64767
7434,Bob,Sales,94545
7435,Henry,Sales,55408
7436,Grace,Operations,52379
7437,Henry,Engineering,55035
7438,Jack,Sales,55545
7439,Frank,Operations,47357
7440,Grace,Marketing,57016
7441,Carol,Finance,96353
7442,David,HR,96004
7443,Ivy,Sales,45239
7444,Ivy,Finance,91856
7445,Grace,Support,53909
7446,Henry,Operations,77019
7447,Alice,IT,113530
7448,Henry,Operations,98790
7449,Alice,Finance,69237
7450,David,Sales,88862
7451,Jack,Operations,92953
7452,Jack,Support,99999
7453,Ivy,Support,88785
7454,Bob,Engineering,118393
7455,Grace,IT,62864
7456,Henry,Engineering,52018
7457,Ivy,Marketing,56761
7458,Grace,Marketing,82658
7459,Alice,Marketing,66827
7460,Frank,Sales,67949
7461,Grace,HR,73550
7462,Carol,Operations,40593
7463,Jack,Support,81058
7464,Jack,Finance,86304
7465,Grace,Engineering,92702
7466,Henry,HR,96126
7467,Eva,Marketing,103699
7468,David,Marketing,44185
7469,Frank,IT,70882
7470,Grace,HR,57316
7471,Bob,IT,43203
7472,David,HR,44996
7473,Ivy,HR,106166
7474,Bob,Engineering,112788
7475,Grace,Support,111855
7476,Bob,Operations,90653
7477,Eva,Engineering,115977
7478,Ivy,Finance,104232
7479,Ivy,Operations,80991
7480,Henry,IT,114268
7481,Bob,Support,113036
7482,Bob,Finance,60635
7483,Jack,Support,102120
7484,Bob,Sales,115356
7485,Bob,Finance,119010
7486,Carol,Support,118987
7487,Eva,HR,62162
7488,Grace,Engineering,40145
7489,Eva,Engineering,107168
7490,Eva,HR,79271
7491,Bob,Sales,54208
7492,Henry,IT,105151
7493,Jack,Engineering,79706
7494,Jack,Finance,77788
7495,Grace,HR,78357
7496,Frank,Marketing,45904
7497,Bob,Sales,83926
7498,Henry,Support,83132
7499,Henry,Marketing,88300
7500,Henry,Sales,101046
7501,Alice,Sales,69885
7502,Eva,Operations,104945
7503,Carol,IT,101654
7504,Alice,IT,40967
7505,Eva,HR,111367
7506,Grace,Marketing,82053
7507,Henry,Marketing,62612
7508,Carol,Finance,68192
7509,Eva,Finance,66954
7510,David,Finance,63181
7511,Grace,Finance,107222
7512,Frank,Operations,55830
7513,David,Sales,49727
7514,Eva,Engineering,66576
7515,Eva,Sales,61665
7516,David,Sales,63958
7517,Jack,Support,46216
7518,Jack,Operations,96533
7519,Frank,Marketing,85060
7520,Alice,IT,52868
7521,Frank,Support,117045
7522,Frank,Sales,47157
7523,Frank,Engineering,58020
7524,Eva,Support,45586
7525,Bob,Finance,94357
7526,Frank,Marketing,84700
7527,Jack,IT,102576
7528,David,Finance,76300
7529,David,Sales,104628
7530,Carol,Marketing,70623
7531,Frank,IT,115254
7532,Henry,IT,64802
7533,Frank,Marketing,43781
7534,Jack,Operations,99819
7535,Frank,Finance,115127
7536,Alice,Engineering,64192
7537,Carol,Operations,88214
7538,David,Marketing,99529
7539,David,HR,109200
7540,Bob,Finance,97931
7541,Frank,Sales,48698
7542,Grace,Support,79163
7543,Frank,Finance,70891
7544,Eva,Engineering,85559
7545,Frank,HR,104020
7546,Alice,Sales,75382
7547,Jack,HR,94830
7548,Alice,Marketing,82916
7549,Henry,Engineering,111531
7550,Bob,HR,117000
7551,David,IT,46731
7552,Ivy,Marketing,79591
7553,Alice,HR,98719
7554,Ivy,Marketing,102032
7555,Frank,Engineering,64587
7556,Grace,Support,97057
7557,Carol,Support,115233
7558,David,HR,58589
7559,David,Marketing,68035
7560,Eva,Finance,112871
7561,Jack,HR,64919
7562,Bob,Operations,105999
7563,David,HR,102555
7564,Grace,IT,65152
7565,David,IT,70127
7566,David,Sales,48473
7567,Carol,Marketing,117643
7568,Henry,HR,117831
7569,Eva,Sales,49795
7570,David,IT,113504
7571,David,Support,87253
7572,Eva,HR,59172
7573,Carol,HR,95031
7574,Frank,IT,105064
7575,Frank,Engineering,94785
7576,Eva,Sales,61318
7577,Grace,IT,90197
7578,Carol,Engineering,103851
7579,David,Marketing,92276
7580,Ivy,Finance,100185
7581,David,HR,72207
7582,Eva,Operations,100452
7583,Carol,IT,97799
7584,Grace,Operations,40455
7585,Ivy,Operations,109951
7586,Bob,IT,95638
7587,Grace,Support,116483
7588,Carol,IT,47149
7589,Ivy,HR,103746
7590,Bob,Finance,58106
7591,Grace,Marketing,73622
7592,Jack,IT,114019
7593,Eva,Sales,77766
7594,Alice,HR,59679
7595,David,Engineering,85712
7596,Grace,IT,61665
7597,Eva,Engineering,78526
7598,Ivy,IT,111775
7599,Alice,Operations,56564
7600,Bob,Operations,102967
7601,David,Finance,118105
7602,Jack,Operations,66775
7603,Alice,Marketing,102868
7604,Carol,Operations,60541
7605,Frank,HR,100616
7606,Frank,Engineering,117932
7607,Eva,Support,83841
7608,Alice,Marketing,79756
7609,Grace,IT,107039
7610,Carol,Marketing,115973
7611,Bob,Engineering,88420
7612,Jack,HR,66043
7613,Eva,HR,91432
7614,Henry,Sales,46514
7615,Carol,Marketing,50973
7616,Alice,Engineering,94423
7617,Eva,Sales,55074
7618,Frank,Marketing,97814
7619,Eva,Operations,107195
7620,Ivy,Support,76605
7621,Eva,Marketing,59084
7622,David,Support,85446
7623,Carol,IT,64848
7624,Henry,Finance,68738
7625,Eva,Support,112613
7626,Eva,Engineering,51842
7627,Henry,HR,105785
7628,Carol,Finance,54624
7629,Carol,Finance,111390
7630,Henry,IT,56136
7631,Jack,Sales,94670
7632,Eva,Support,65286
7633,Bob,HR,97891
7634,Carol,Support,42311
7635,Ivy,HR,106353
7636,Jack,Sales,60554
7637,Frank,HR,112269
7638,David,Operations,70038
7639,Eva,Marketing,41386
7640,Carol,Engineering,86070
7641,Bob,Finance,49386
7642,Carol,IT,45551
7643,Henry,Engineering,77984
7644,Grace,Sales,118979
7645,Grace,Engineering,56433
7646,Jack,IT,116364
7647,Henry,HR,58958
7648,Frank,Finance,46427
7649,Carol,Engineering,41430
7650,Ivy,Sales,59763
7651,Carol,HR,116156
7652,Frank,HR,111237
7653,Bob,HR,78865
7654,Frank,Sales,73077
7655,Henry,Engineering,48683
7656,David,Marketing,43812
7657,Bob,IT,113956
7658,Eva,Operations,47193
7659,Henry,HR,56762
7660,Ivy,HR,92210
7661,Grace,Finance,50536
7662,Bob,Finance,72793
7663,Frank,Support,94031
7664,Bob,Finance,84268
7665,Eva,IT,44344
7666,Frank,Finance,59068
7667,Alice,IT,61135
7668,Alice,Sales,44108
7669,Ivy,Support,80659
7670,Henry,HR,41958
7671,Alice,Operations,51357
7672,Ivy,Sales,96440
7673,Eva,HR,59063
7674,Henry,HR,53111
7675,Bob,Support,71025
7676,Frank,Operations,86588
7677,Jack,IT,104557
7678,Bob,IT,106781
7679,Carol,Support,99027
7680,Frank,Engineering,71635
7681,David,Engineering,97539
7682,Alice,Operations,97785
7683,Alice,Sales,119840
7684,Carol,Operations,115775
7685,Grace,Operations,65384
7686,Henry,IT,93517
7687,Frank,Sales,105386
7688,Henry,Finance,116150
7689,Ivy,Finance,90354
7690,Bob,Operations,56342
7691,Henry,Finance,103830
7692,Bob,Sales,105550
7693,Frank,Operations,109925
7694,David,Finance,117916
7695,Alice,HR,83901
7696,Carol,Marketing,103009
7697,David,IT,53590
7698,Eva,Marketing,103582
7699,Jack,Sales,51562
7700,Bob,Marketing,73163
7701,David,Marketing,104150
7702,Carol,Finance,76935
7703,Henry,IT,117371
7704,Bob,Finance,78103
7705,Frank,Support,72074
7706,Ivy,Sales,44703
7707,Ivy,IT,83922
7708,Alice,Support,96241
7709,Eva,Support,40594
7710,Jack,Sales,64884
7711,David,HR,90813
7712,Eva,HR,51526
7713,Jack,Finance,110705
7714,David,IT,72287
7715,Frank,Support,50801
7716,Bob,Marketing,97439
7717,David,Operations,88163
7718,Eva,Sales,97374
7719,Bob,Operations,71215
7720,Carol,IT,119941
7721,Carol,HR,83515
7722,Carol,Operations,52202
7723,Alice,Operations,58018
7724,Grace,Marketing,52333
7725,Jack,Operations,99449
7726,Bob,Finance,89361
7727,Jack,Finance,104158
7728,Carol,IT,74962
7729,Eva,Sales,73489
7730,Grace,IT,90720
7731,Frank,HR,47575
7732,Grace,Sales,82806
7733,Ivy,Finance,91735
7734,Carol,Sales,52621
7735,Bob,Support,53174
7736,Alice,Support,114014
7737,Henry,Engineering,77502
7738,Grace,Marketing,109463
7739,Eva,Operations,106745
7740,Alice,Operations,109807
7741,Frank,Support,76839
7742,Henry,Engineering,45464
7743,Eva,IT,75929
7744,David,Operations,104580
7745,Frank,Engineering,113627
7746,Ivy,Marketing,87435
7747,Eva,Support,47203
7748,Eva,Operations,119458
7749,Bob,Support,99952
7750,Eva,Sales,111237
7751,Carol,Support,88356
7752,Carol,Marketing,40088
7753,Jack,Engineering,106464
7754,Eva,Finance,48752
7755,Ivy,Engineering,69664
7756,David,HR,65040
7757,Eva,Engineering,111104
7758,Ivy,Sales,66359
7759,Frank,Support,68689
7760,Eva,Finance,86441
7761,Bob,Support,92887
7762,Bob,IT,85935
7763,Bob,Marketing,97525
7764,Henry,Support,75110
7765,Carol,HR,114006
7766,David,Engineering,107731
7767,Grace,Engineering,95709
7768,Grace,Finance,67163
7769,Alice,Operations,100498
7770,David,Engineering,90125
7771,Jack,Engineering,84021
7772,Henry,HR,54156
7773,David,IT,97219
7774,Ivy,Operations,71801
7775,Carol,Sales,84560
7776,Jack,Operations,74131
7777,David,IT,79009
7778,Carol,Finance,59357
7779,Bob,Support,112457
7780,Eva,Marketing,54522
7781,Ivy,Operations,43787
7782,Ivy,Marketing,55649
7783,Henry,HR,69786
7784,Bob,IT,82819
7785,Eva,Finance,45489
7786,Bob,Marketing,94294
7787,Henry,Sales,88229
7788,Bob,Finance,61268
7789,Grace,Operations,110696
7790,Henry,Engineering,68359
7791,Eva,HR,117695
7792,Eva,Finance,108686
7793,David,IT,49450
7794,Henry,HR,74198
7795,Bob,Support,45699
7796,Carol,IT,96984
7797,Carol,Marketing,81399
7798,Grace,Support,60419
7799,Carol,HR,74774
7800,David,Support,88742
7801,Carol,Operations,58782
7802,Jack,Operations,60554
7803,Carol,Finance,93932
7804,Bob,Finance,55579
7805,David,IT,71058
7806,Eva,Operations,71751
7807,Ivy,Finance,47665
7808,Jack,Operations,112796
7809,Ivy,Finance,112632
7810,Frank,IT,66192
7811,Alice,Operations,63487
7812,Ivy,IT,50940
7813,Alice,Operations,111375
7814,Carol,Support,47510
7815,Bob,Support,80630
7816,Ivy,Operations,79327
7817,Eva,Finance,93859
7818,Ivy,Engineering,84345
7819,Henry,IT,115352
7820,Ivy,Sales,108609
7821,Henry,IT,105017
7822,Alice,Marketing,79633
7823,Alice,Engineering,97590
7824,Grace,Sales,110735
7825,Grace,Engineering,99486
7826,Frank,HR,73737
7827,Grace,Engineering,70896
7828,Alice,Operations,89446
7829,Henry,HR,77220
7830,Carol,Engineering,104812
7831,David,Finance,103337
7832,Jack,Operations,85372
7833,Frank,Support,99906
7834,Bob,Sales,88802
7835,Frank,IT,102457
7836,Jack,Sales,40931
7837,Bob,Finance,66375
7838,Carol,Support,62395
7839,Jack,IT,106412
7840,Henry,Sales,101426
7841,Grace,Engineering,42364
7842,Carol,Operations,81419
7843,Jack,Support,46559
7844,Frank,Support,76408
7845,David,Operations,44260
7846,Bob,Sales,100343
7847,Carol,HR,66880
7848,Frank,Marketing,66926
7849,Bob,Finance,76524
7850,Jack,HR,97682
7851,Jack,IT,93007
7852,David,Sales,74944
7853,Carol,IT,81395
7854,Bob,Operations,86540
7855,Jack,Finance,70989
7856,David,Sales,41752
7857,Carol,Sales,105473
7858,Bob,Marketing,71024
7859,Grace,Support,102264
7860,Ivy,IT,115893
7861,Grace,Support,107108
7862,David,HR,58009
7863,David,Marketing,40856
7864,Bob,IT,74491
7865,Jack,Marketing,89105
7866,Jack,Support,82032
7867,Eva,Finance,100653
7868,David,Finance,87383
7869,Bob,Marketing,115473
7870,Carol,Finance,71657
7871,Carol,Operations,56886
7872,Henry,HR,72131
7873,Alice,HR,55830
7874,Grace,HR,93876
7875,Henry,Operations,102339
7876,Jack,Operations,89756
7877,Ivy,IT,71838
7878,Carol,IT,118225
7879,Frank,Support,53211
7880,Alice,HR,42432
7881,Carol,Support,72001
7882,Jack,Operations,52584
7883,Frank,Finance,71120
7884,Ivy,Operations,84936
7885,Jack,Finance,84620
7886,Ivy,IT,114160
7887,Ivy,Marketing,47358
7888,Jack,Operations,107158
7889,Ivy,Sales,92875
7890,Jack,Operations,106587
7891,Frank,Operations,52138
7892,Grace,Support,72558
7893,Bob,Finance,51998
7894,Jack,IT,73425
7895,Bob,IT,85601
7896,Frank,Operations,98492
7897,Grace,Marketing,95181
7898,Bob,Operations,65553
7899,Henry,Marketing,74117
7900,Frank,HR,106809
7901,Alice,Support,108442
7902,Grace,IT,44000
7903,Carol,Support,40052
7904,Alice,Support,71839
7905,Henry,IT,111801
7906,Frank,Support,74124
7907,Ivy,Finance,105215
7908,Carol,IT,43815
7909,Grace,Operations,112129
7910,David,Sales,41891
7911,Carol,Finance,89085
7912,Grace,Support,61708
7913,Alice,Engineering,107105
7914,Henry,Marketing,53953
7915,Jack,Sales,90766
7916,Eva,Sales,46912
7917,Eva,Sales,60590
7918,Bob,Marketing,109197
7919,Ivy,HR,111538
7920,Carol,HR,63783
7921,Grace,Marketing,75236
7922,Grace,Support,113242
7923,Grace,HR,115219
7924,Eva,Finance,77334
7925,Ivy,Finance,60901
7926,Bob,Operations,101691
7927,David,Sales,42971
7928,David,Operations,78232
7929,Alice,Support,85880
7930,Jack,HR,64071
7931,Frank,Sales,101992
7932,Henry,HR,43160
7933,Grace,Engineering,52941
7934,Frank,HR,115475
7935,Carol,Engineering,72052
7936,Eva,Operations,99975
7937,Alice,IT,68324
7938,Bob,Finance,48113
7939,Grace,Finance,70514
7940,Grace,Marketing,73594
7941,Frank,Support,51189
7942,Grace,Engineering,47466
7943,Ivy,Support,99931
7944,Frank,Marketing,50763
7945,Alice,Finance,63537
7946,Grace,Finance,87181
7947,David,Sales,71029
7948,Alice,Marketing,106335
7949,Bob,Support,102563
7950,Henry,HR,47947
7951,Frank,Sales,81981
7952,Ivy,Finance,102571
7953,Carol,Support,93039
7954,David,Sales,48952
7955,Grace,HR,95906
7956,Bob,HR,83827
7957,Frank,HR,95551
7958,Jack,IT,73117
7959,Alice,Engineering,69287
7960,Carol,Sales,87203
7961,Grace,IT,79982
7962,David,Support,102398
7963,Grace,Engineering,89502
7964,Henry,Support,64244
7965,David,Finance,118414
7966,Ivy,Engineering,87754
7967,Henry,Engineering,71956
7968,Henry,Sales,43090
7969,Alice,HR,63153
7970,Carol,Support,86388
7971,Eva,Marketing,107241
7972,Alice,Finance,43903
7973,Bob,Sales,55580
7974,Eva,HR,68272
7975,Alice,Sales,112659
7976,Bob,Finance,48431
7977,Frank,IT,111529
7978,Eva,Support,40883
7979,Grace,Marketing,106313
7980,Ivy,Marketing,54681
7981,Henry,HR,98109
7982,David,Marketing,94440
7983,Eva,HR,102455
7984,Ivy,HR,80237
7985,Eva,IT,68475
7986,Frank,Operations,108795
7987,Alice,Sales,95574
7988,Henry,Operations,65636
7989,David,Marketing,40705
7990,Carol,IT,70668
7991,Eva,Marketing,78565
7992,David,Sales,98364
7993,Frank,Engineering,45406
7994,Grace,Support,53760
7995,Carol,Engineering,96508
7996,David,IT,98093
7997,Bob,Finance,50487
7998,Carol,Marketing,82641
7999,Eva,HR,107745
8000,Jack,Marketing,45357
8001,Henry,Engineering,58910
8002,Bob,Support,94765
8003,Eva,Engineering,62045
8004,David,Operations,116650
8005,Ivy,Finance,100509
8006,Jack,Support,74941
8007,Eva,Operations,74776
8008,Frank,Marketing,92128
8009,Grace,Support,96516
8010,Frank,Operations,64603
8011,David,Support,82155
8012,Ivy,HR,47561
8013,Henry,Marketing,67456
8014,Grace,Engineering,87371
8015,Henry,IT,101230
8016,Carol,Support,57963
8017,Ivy,Sales,49318
8018,Alice,Marketing,118778
8019,Henry,Marketing,62572
8020,Henry,Operations,54547
8021,Jack,Sales,98300
8022,Carol,Sales,80239
8023,Alice,Operations,42831
8024,Eva,HR,67312
8025,Carol,Engineering,76107
8026,David,HR,96886
8027,David,Sales,106238
8028,David,Engineering,106052
8029,Grace,Operations,78552
8030,David,Support,52595
8031,Carol,IT,102897
8032,Henry,Sales,47207
8033,David,Finance,73099
8034,Henry,Operations,81154
8035,Grace,Marketing,114478
8036,Alice,Sales,87912
8037,Frank,Operations,50953
8038,Eva,Marketing,58155
8039,Eva,Engineering,98843
8040,Alice,Support,91601
8041,Alice,IT,62287
8042,Ivy,HR,42807
8043,Ivy,Finance,115539
8044,Bob,Marketing,117002
8045,Ivy,Support,81201
8046,David,Support,57652
8047,Jack,IT,70964
8048,Alice,Operations,57372
8049,Jack,Sales,42454
8050,Frank,HR,79680
8051,Bob,Operations,90179
8052,Grace,Marketing,87956
8053,Frank,Operations,79468
8054,Ivy,Support,52869
8055,Ivy,Finance,109416
8056,Jack,Operations,68476
8057,Henry,Marketing,90728
8058,Bob,Support,110536
8059,Bob,Operations,119427
8060,Henry,Support,97493
8061,Carol,Engineering,90861
8062,Frank,Engineering,48474
8063,Carol,HR,89864
8064,Ivy,Marketing,94422
8065,Grace,Engineering,41960
8066,Carol,Finance,107517
8067,Carol,Marketing,109506
8068,Eva,Support,60666
8069,David,Engineering,92411
8070,Carol,HR,73669
8071,Bob,Finance,100852
8072,Bob,Sales,68724
8073,Eva,Finance,96652
8074,Carol,IT,99049
8075,Eva,Sales,70404
8076,Ivy,Sales,111732
8077,Henry,Operations,98931
8078,Alice,Finance,119963
8079,Frank,Sales,114467
8080,Eva,Sales,52489
8081,Grace,Sales,71959
8082,Jack,IT,40651
8083,Carol,Sales,74202
8084,Eva,Sales,110470
8085,Carol,Operations,113521
8086,Carol,Operations,99584
8087,David,Marketing,113004
8088,Jack,Marketing,79209
8089,Alice,Finance,50977
8090,Alice,Marketing,51743
8091,Ivy,Marketing,90006
8092,Grace,Marketing,59480
8093,Jack,Support,48410
8094,Alice,HR,88811
8095,Alice,HR,66244
8096,Ivy,HR,62905
8097,Grace,Operations,50621
8098,Eva,Engineering,91746
8099,Ivy,Operations,107248
8100,David,HR,60061
8101,Bob,Engineering,92153
8102,Grace,Marketing,77550
8103,Carol,Engineering,69840
8104,Ivy,Operations,91600
8105,Jack,Engineering,105440
8106,Henry,Finance,86447
8107,Frank,Finance,54849
8108,Ivy,Engineering,115750
8109,Carol,HR,84484
8110,David,Marketing,67259
8111,David,Finance,52769
8112,Carol,IT,69904
8113,Alice,HR,83508
8114,Eva,Finance,53238
8115,David,HR,83640
8116,Alice,Engineering,88211
8117,Carol,Sales,40705
8118,Carol,Sales,74730
8119,Henry,Sales,61076
8120,Alice,Sales,64690
8121,Alice,Engineering,77469
8122,Henry,Operations,91087
8123,Bob,Finance,98179
8124,Frank,IT,101256
8125,David,Marketing,66855
8126,Alice,Sales,106523
8127,Ivy,Support,107977
8128,Eva,Sales,72238
8129,Ivy,Finance,95263
8130,David,Finance,82837
8131,Bob,Sales,64872
8132,Jack,Sales,72322
8133,Carol,Operations,58967
8134,Grace,Support,60678
8135,Ivy,IT,82660
8136,Frank,Finance,42940
8137,David,Finance,73441
8138,Alice,HR,47283
8139,Grace,HR,119868
8140,Frank,Support,74117
8141,Ivy,Operations,51672
8142,Grace,IT,116945
8143,Bob,HR,50046
8144,Eva,Finance,82192
8145,Frank,Operations,74504
8146,Eva,Marketing,88937
8147,Ivy,Engineering,68924
8148,Jack,HR,115256
8149,Grace,Marketing,97305
8150,Grace,Finance,47451
8151,Jack,Sales,102595
8152,Frank,HR,106972
8153,David,Marketing,76901
8154,David,Finance,65070
8155,Bob,Finance,112344
8156,David,IT,119951
8157,Carol,Operations,99817
8158,Frank,Finance,110189
8159,Frank,Engineering,63483
8160,Alice,Support,89793
8161,Frank,Finance,82642
8162,Bob,Sales,103871
8163,Alice,HR,107695
8164,Eva,Sales,94140
8165,Alice,Support,92634
8166,Grace,Support,59492
8167,David,Operations,102761
8168,Grace,Marketing,52007
8169,David,Support,61315
8170,Frank,Support,85915
8171,Ivy,Finance,117977
8172,Henry,Operations,108023
8173,Jack,Finance,59958
8174,Ivy,Finance,81839
8175,David,Support,94072
8176,Alice,Engineering,68010
8177,Henry,Finance,74479
8178,Bob,Finance,63288
8179,Jack,IT,109191
8180,Bob,Support,95520
8181,Frank,Engineering,62071
8182,Grace,Engineering,61081
8183,Jack,Support,106973
8184,Jack,HR,114427
8185,Henry,Sales,84631
8186,David,Operations,104557
8187,Alice,Support,69716
8188,Ivy,Sales,61328
8189,Jack,Operations,107565
8190,Alice,HR,87781
8191,David,Finance,101670
8192,Jack,Marketing,40690
8193,Grace,Marketing,98577
8194,Ivy,Sales,92341
8195,Eva,HR,115760
8196,Ivy,Operations,82913
8197,Jack,IT,41511
8198,Jack,HR,55015
8199,Grace,Support,48746
8200,Jack,Marketing,43802
8201,Grace,Marketing,76456
8202,Alice,IT,98962
8203,Eva,Finance,42233
8204,Carol,Engineering,94568
8205,Bob,Engineering,44635
8206,Alice,Sales,46764
8207,Carol,IT,98903
8208,Carol,Sales,50019
8209,Carol,IT,79375
8210,Ivy,HR,82618
8211,Carol,Finance,57761
8212,Eva,Sales,41103
8213,Jack,Operations,49875
8214,Jack,HR,107520
8215,Carol,HR,50143
8216,Grace,Finance,41247
8217,Grace,Marketing,56181
8218,Grace,HR,94987
8219,Grace,Operations,88955
8220,Grace,HR,109539
8221,Jack,Marketing,60555
8222,Carol,Support,101745
8223,Alice,Marketing,77950
8224,Carol,Marketing,66211
8225,David,HR,41304
8226,Ivy,HR,97037
8227,Eva,Sales,58070
8228,Frank,Finance,73069
8229,Henry,Engineering,103391
8230,Jack,Engineering,97660
8231,Alice,Sales,116318
8232,Eva,IT,40036
8233,Frank,HR,69361
8234,Bob,HR,106222
8235,Ivy,Finance,68874
8236,Frank,Operations,79619
8237,Frank,IT,113024
8238,Eva,IT,108119
8239,David,Finance,103422
8240,Bob,Finance,47679
8241,Bob,IT,53871
8242,Bob,Operations,83451
8243,Ivy,IT,112619
8244,Ivy,Finance,76424
8245,Carol,HR,98985
8246,Alice,Finance,54144
8247,Jack,HR,76929
8248,Jack,Marketing,86493
8249,Henry,Finance,58763
8250,Grace,IT,65150
8251,David,Marketing,58494
8252,David,Sales,81983
8253,David,Marketing,118266
8254,Eva,Finance,75300
8255,Carol,Engineering,97715
8256,Alice,Operations,101739
8257,Bob,IT,104476
8258,Alice,IT,76398
8259,Bob,Engineering,73567
8260,Alice,Support,73496
8261,Grace,Operations,81358
8262,Eva,IT,92572
8263,Bob,HR,41228
8264,Henry,HR,43317
8265,Ivy,Engineering,115692
8266,David,Support,102713
8267,Ivy,Finance,67719
8268,David,Operations,90281
8269,Henry,HR,97761
8270,Henry,Operations,104944
8271,Jack,Sales,118425
8272,Jack,HR,109995
8273,Henry,Operations,93304
8274,Eva,Finance,64014
8275,David,IT,100784
8276,Bob,Support,68273
8277,Bob,HR,104871
8278,Grace,HR,46482
8279,Jack,Engineering,101641
8280,Carol,Finance,95439
8281,Jack,Sales,104507
8282,Henry,HR,97637
8283,Carol,Support,62577
8284,Alice,IT,118868
8285,Frank,Marketing,107944
8286,Carol,Engineering,111055
8287,Bob,Marketing,57871
8288,Eva,Operations,115392
8289,Eva,Sales,91236
8290,Eva,Finance,77980
8291,Ivy,IT,106309
8292,Eva,Marketing,106729
8293,Henry,Sales,106690
8294,Grace,Engineering,92123
8295,Grace,Marketing,53892
8296,Frank,Finance,97007
8297,Jack,Marketing,113149
8298,Carol,HR,41425
8299,Frank,IT,57527
8300,Jack,Operations,78548
8301,Jack,HR,40629
8302,Jack,Engineering,79180
8303,Bob,Operations,41627
8304,Ivy,Marketing,49004
8305,Alice,Marketing,77411
8306,Henry,IT,54224
8307,Alice,Engineering,67130
8308,Carol,Support,110811
8309,David,Operations,60222
8310,Bob,HR,78587
8311,Jack,HR,59496
8312,Jack,HR,117107
8313,Eva,Support,95803
8314,Carol,Support,52296
8315,Jack,IT,83894
8316,Carol,Sales,58153
8317,Ivy,Support,83069
8318,Grace,HR,43147
8319,David,Marketing,65211
8320,Frank,Operations,76603
8321,Jack,Operations,80263
8322,Bob,Marketing,88633
8323,David,HR,57358
8324,Bob,IT,90226
8325,Carol,Support,78908
8326,Henry,Support,72810
8327,Jack,Finance,43370
8328,Grace,Engineering,105593
8329,Alice,Finance,45392
8330,Ivy,IT,78344
8331,Alice,IT,70940
8332,Bob,Engineering,48098
8333,Alice,Engineering,54376
8334,Frank,Sales,72060
8335,Henry,IT,64232
8336,Bob,Operations,114891
8337,Henry,Engineering,119523
8338,Jack,Support,99062
8339,Alice,Support,90786
8340,David,Marketing,109391
8341,Jack,Operations,92662
8342,Grace,Operations,116604
8343,Eva,Finance,94687
8344,Alice,Sales,99720
8345,Jack,IT,86392
8346,Henry,Sales,57856
8347,Jack,Finance,49720
8348,Frank,HR,57685
8349,Carol,HR,102130
8350,Bob,Engineering,67569
8351,Grace,Finance,80444
8352,Alice,Marketing,110593
8353,Alice,Support,48499
8354,Ivy,HR,82041
8355,Henry,Sales,56419
8356,David,Support,81563
8357,Bob,HR,84925
8358,David,HR,58698
8359,Henry,Operations,83101
8360,Ivy,Finance,51247
8361,Grace,Sales,56797
8362,David,Finance,113061
8363,Grace,Sales,61505
8364,David,IT,56717
8365,Eva,Finance,83795
8366,Jack,IT,46529
8367,David,Marketing,46050
8368,Alice,Engineering,68003
8369,Eva,Support,65363
8370,David,HR,79140
8371,Ivy,Support,69426
8372,Eva,HR,111864
8373,Ivy,Support,71173
8374,Grace,Support,56226
8375,David,Marketing,67827
8376,Carol,HR,77791
8377,Henry,Operations,97227
8378,Grace,Finance,72839
8379,David,IT,76676
8380,Henry,IT,116511
8381,Carol,Finance,74619
8382,Bob,Marketing,94055
8383,Grace,HR,76833
8384,Henry,Operations,92355
8385,Alice,Operations,92031
8386,Bob,Engineering,76142
8387,Eva,Engineering,77275
8388,Ivy,Engineering,119489
8389,Alice,Marketing,68544
8390,David,Sales,96990
8391,Carol,Sales,66204
8392,Jack,Marketing,87947
8393,Bob,Marketing,76066
8394,Bob,Sales,93091
8395,Alice,Engineering,56993
8396,Eva,Support,113808
8397,David,Support,109808
8398,Eva,IT,40111
8399,Bob,Engineering,86695
8400,Jack,Support,108855
8401,Grace,Sales,113942
8402,Carol,Support,48473
8403,Alice,IT,47599
8404,Bob,IT,60060
8405,Alice,Finance,68895
8406,Grace,Operations,68678
8407,Frank,Operations,112951
8408,Eva,Sales,40884
8409,David,Marketing,119998
8410,Bob,Finance,47533
8411,Eva,Finance,95835
8412,Frank,HR,57597
8413,Bob,Engineering,98142
8414,Alice,Sales,47431
8415,Bob,HR,84512
8416,Alice,HR,93525
8417,David,Operations,83313
8418,Eva,Operations,51589
8419,Eva,Marketing,88403
8420,Frank,HR,51204
8421,Frank,HR,51169
8422,David,Sales,113986
8423,Jack,Sales,47156
8424,Henry,Engineering,47928
8425,Carol,Operations,88206
8426,Eva,Support,54456
8427,Bob,Engineering,93921
8428,Ivy,Finance,50036
8429,Carol,Sales,50468
8430,Jack,Finance,70388
8431,Grace,Engineering,71587
8432,Eva,Engineering,110048
8433,Eva,HR,101352
8434,Carol,IT,77104
8435,David,Sales,75147
8436,Frank,Sales,58484
8437,Ivy,IT,105238
8438,Jack,HR,96211
8439,Frank,Engineering,53735
8440,Ivy,Operations,94919
8441,Henry,Finance,67407
8442,Frank,Finance,65229
8443,Frank,Support,92226
8444,Eva,IT,111093
8445,Henry,Operations,94872
8446,Henry,Support,73393
8447,Ivy,Sales,90996
8448,David,Support,67034
8449,Carol,Operations,104226
8450,David,HR,62532
8451,Carol,Support,64598
8452,Henry,Operations,106937
8453,Grace,Marketing,114429
8454,Henry,Finance,64578
8455,Grace,Support,43828
8456,Bob,Operations,95548
8457,Henry,Engineering,77032
8458,Grace,Support,80181
8459,Alice,Finance,114269
8460,Henry,Support,117120
8461,David,Finance,91037
8462,Frank,Engineering,57634
8463,Eva,Sales,100202
8464,Eva,Operations,107584
8465,Henry,Support,69457
8466,Grace,Support,71741
8467,Alice,Operations,103123
8468,Ivy,Sales,65224
8469,Jack,Finance,49052
8470,Grace,Marketing,73877
8471,Grace,Finance,63153
8472,Grace,IT,48890
8473,Bob,Support,102549
8474,Frank,Sales,89903
8475,Henry,Engineering,80779
8476,Frank,IT,88210
8477,Jack,HR,42425
8478,Eva,HR,71139
8479,Eva,Finance,55884
8480,Bob,Sales,110963
8481,Bob,Engineering,96365
8482,Ivy,Operations,107594
8483,Alice,Sales,74026
8484,Carol,Engineering,81807
8485,Eva,Finance,47219
8486,Ivy,Sales,104471
8487,Alice,Finance,85658
8488,Eva,Engineering,88322
8489,Frank,Marketing,42941
8490,Eva,HR,72349
8491,Ivy,Operations,116091
8492,Frank,Marketing,82438
8493,David,Engineering,94707
8494,Grace,Operations,97629
8495,Alice,Finance,43927
8496,Bob,HR,51368
8497,Eva,HR,116911
8498,Jack,IT,42003
8499,Frank,HR,103753
8500,Henry,HR,104001
8501,Jack,Operations,89679
8502,Carol,Finance,79173
8503,Grace,Support,41964
8504,David,HR,114080
8505,Jack,Operations,82782
8506,David,Support,109386
8507,Alice,Support,41226
8508,Frank,Sales,69341
8509,Eva,HR,48634
8510,Grace,Engineering,71276
8511,Carol,Finance,103371
8512,Jack,Support,87878
8513,Grace,Finance,76871
8514,David,Engineering,114243
8515,Henry,Operations,80492
8516,David,Sales,86561
8517,Jack,Support,61935
8518,Grace,Sales,87407
8519,Henry,HR,79686
8520,Bob,Support,109753
8521,Jack,IT,64312
8522,Carol,Operations,66988
8523,Carol,Marketing,74969
8524,Frank,Marketing,70001
8525,Bob,HR,52986
8526,Ivy,IT,48519
8527,Ivy,Support,62826
8528,David,Operations,53162
8529,Jack,Marketing,65134
8530,Ivy,Operations,73481
8531,Frank,Marketing,67641
8532,Grace,Finance,55777
8533,Ivy,Finance,87834
8534,Ivy,Sales,85252
8535,Carol,HR,66599
8536,Ivy,HR,71819
8537,Bob,Engineering,99354
8538,David,Engineering,55958
8539,Ivy,Engineering,111893
8540,Eva,Engineering,46034
8541,Jack,Marketing,76307
8542,Frank,Finance,109200
8543,Frank,HR,94735
8544,Carol,HR,72267
8545,Ivy,IT,76146
8546,Eva,Operations,65159
8547,Alice,Marketing,97973
8548,Frank,Marketing,109786
8549,Frank,Operations,93307
8550,David,Sales,110901
8551,Alice,Sales,71041
8552,Carol,Support,65809
8553,Henry,Engineering,110063
8554,Eva,Engineering,93833
8555,Jack,Sales,68884
8556,Henry,Marketing,104584
8557,Frank,HR,57427
8558,Grace,Sales,94177
8559,Henry,Sales,79036
8560,David,Support,88102
8561,Jack,Engineering,52826
8562,Henry,IT,110624
8563,Jack,Support,85357
8564,Alice,Sales,57783
8565,Bob,Finance,59132
8566,Eva,HR,55601
8567,Ivy,Marketing,56035
8568,Grace,Engineering,54755
8569,Alice,Engineering,52062
8570,Alice,Finance,58559
8571,David,IT,109661
8572,Ivy,Marketing,86258
8573,Carol,Operations,93628
8574,Eva,HR,49029
8575,Alice,Marketing,49726
8576,Grace,HR,94829
8577,Henry,Finance,112464
8578,Frank,Marketing,40497
8579,Jack,IT,51909
8580,Henry,Support,100916
8581,Alice,Engineering,93689
8582,Carol,Sales,50126
8583,Henry,Operations,86038
8584,Eva,Support,60309
8585,Alice,Support,75398
8586,Ivy,Marketing,69332
8587,Alice,Sales,114566
8588,Grace,IT,90986
8589,David,Support,61090
8590,Alice,Support,88296
8591,Jack,Finance,76962
8592,Alice,Engineering,40543
8593,Grace,Marketing,85502
8594,David,Support,118982
8595,Alice,Support,90280
8596,Frank,Marketing,112710
8597,Bob,Engineering,109272
8598,Ivy,Sales,86176
8599,Bob,Operations,100146
8600,Bob,Engineering,83245
8601,Alice,IT,44509
8602,Frank,Operations,59913
8603,David,Support,112343
8604,Carol,IT,66429
8605,Bob,Support,79716
8606,Henry,Sales,113807
8607,Ivy,Sales,60373
8608,Eva,Finance,43049
8609,Ivy,Support,107565
8610,Eva,Operations,47380
8611,Alice,HR,61482
8612,Ivy,Marketing,107037
8613,David,Operations,64046
8614,Frank,Engineering,44621
8615,Carol,Engineering,68495
8616,Alice,Marketing,95282
8617,Bob,Sales,103779
8618,Carol,Operations,45416
8619,Ivy,HR,50815
8620,Grace,IT,58069
8621,Alice,Marketing,64986
8622,Henry,IT,112724
8623,Grace,Support,48817
8624,Eva,Support,66452
8625,Frank,Engineering,107897
8626,Eva,Support,109717
8627,Frank,Marketing,118823
8628,Henry,Engineering,96883
8629,Ivy,Support,113727
8630,Frank,Operations,103990
8631,Alice,HR,74417
8632,Jack,Operations,113269
8633,Alice,Finance,85966
8634,Henry,Sales,56753
8635,Eva,Engineering,74590
8636,Frank,IT,51457
8637,Eva,HR,117586
8638,Carol,Finance,89326
8639,David,Operations,118051
8640,Carol,Operations,76073
8641,Eva,Engineering,93177
8642,Grace,Finance,107149
8643,Henry,Marketing,64729
8644,Carol,HR,116481
8645,Henry,Marketing,78980
8646,David,Marketing,90544
8647,Jack,IT,85592
8648,David,HR,86829
8649,David,Support,103924
8650,Ivy,HR,105560
8651,Bob,HR,90728
8652,Grace,Finance,96388
8653,Eva,Marketing,98591
8654,Bob,HR,108830
8655,Alice,Finance,79025
8656,Frank,Operations,95822
8657,Ivy,Operations,74495
8658,Bob,Finance,93911
8659,Henry,Marketing,106885
8660,David,Sales,102221
8661,Alice,HR,42152
8662,Henry,Operations,117632
8663,Grace,IT,104479
8664,David,Marketing,60825
8665,Frank,Support,54436
8666,Ivy,Sales,114258
8667,Eva,Engineering,66620
8668,Ivy,IT,43005
8669,Eva,Marketing,93092
8670,Jack,IT,61896
8671,Eva,Marketing,83423
8672,Jack,Marketing,96744
8673,Grace,IT,103318
8674,Grace,Sales,94000
8675,Henry,Engineering,91080
8676,Grace,Support,88984
8677,David,Support,80785
8678,Jack,Engineering,90818
8679,Jack,Engineering,61773
8680,Eva,HR,82668
8681,Eva,Engineering,106033
8682,Alice,Finance,52431
8683,David,Sales,113498
8684,Ivy,IT,109111
8685,Jack,Finance,77095
8686,Eva,Sales,69583
8687,Carol,Operations,103095
8688,Ivy,Operations,89067
8689,Jack,Sales,100623
8690,Bob,HR,113349
8691,David,Support,47649
8692,Bob,HR,43356
8693,Henry,Marketing,117957
8694,Frank,Finance,87006
8695,Grace,IT,42647
8696,David,Operations,90108
8697,David,Support,46410
8698,Ivy,Marketing,45602
8699,Carol,Sales,40875
8700,David,Finance,45309
8701,Carol,Support,44547
8702,Eva,Support,79351
8703,Grace,Marketing,118165
8704,Grace,Sales,96325
8705,Carol,Marketing,113242
8706,Henry,Engineering,118516
8707,Ivy,Engineering,117340
8708,David,Finance,99402
8709,Eva,Sales,118360
8710,Alice,Operations,57548
8711,Jack,Operations,111722
8712,Ivy,Support,98503
8713,Eva,Engineering,107171
8714,Alice,Support,111616
8715,Carol,Finance,66991
8716,Henry,Sales,105761
8717,Ivy,Support,114400
8718,Frank,Marketing,84964
8719,Grace,Support,108904
8720,Eva,Marketing,101392
8721,David,Operations,68888
8722,Frank,Support,82106
8723,Henry,Finance,109304
8724,Jack,Marketing,60585
8725,Henry,Sales,43294
8726,Ivy,Operations,100653
8727,Eva,IT,92476
8728,Grace,Support,53019
8729,Frank,IT,83527
8730,Alice,Finance,47472
8731,Eva,Marketing,98904
8732,Jack,IT,62802
8733,Alice,HR,57717
8734,Henry,HR,47304
8735,Eva,HR,77998
8736,Carol,Operations,49974
8737,Grace,HR,91982
8738,Henry,Finance,113892
8739,Bob,Support,46510
8740,Jack,Marketing,96208
8741,Bob,HR,113909
8742,David,Operations,41496
8743,Henry,Operations,88986
8744,Jack,IT,51166
8745,Alice,Sales,64313
8746,Bob,HR,117346
8747,Frank,Engineering,53689
8748,Alice,IT,85158
8749,Bob,IT,81061
8750,David,Marketing,80611
8751,Ivy,Engineering,118622
8752,Henry,Sales,79685
8753,Grace,Engineering,95817
8754,Frank,IT,107427
8755,Bob,Engineering,76673
8756,Grace,HR,98194
8757,Carol,Finance,73583
8758,Ivy,HR,75039
8759,David,Engineering,59792
8760,Eva,Operations,93070
8761,Ivy,Finance,119749
8762,Jack,HR,48871
8763,Grace,Finance,83231
8764,Henry,Sales,109695
8765,Jack,Finance,95656
8766,Ivy,Sales,102643
8767,Frank,Finance,88780
8768,Henry,Engineering,117858
8769,Carol,Operations,87031
8770,Grace,Support,61142
8771,Grace,HR,69652
8772,Carol,Finance,98688
8773,David,Marketing,90884
8774,Henry,Support,98784
8775,Ivy,Operations,58977
8776,Carol,Engineering,80970
8777,Grace,Marketing,56457
8778,Eva,Engineering,86752
8779,Frank,Support,118723
8780,Eva,Engineering,59820
8781,Grace,IT,76927
8782,Bob,Engineering,87568
8783,Bob,Operations,70521
8784,Alice,IT,87279
8785,Frank,IT,56942
8786,Jack,IT,48700
8787,Henry,Finance,76545
8788,David,IT,69154
8789,Frank,Sales,45692
8790,Frank,Finance,109978
8791,Ivy,Sales,109854
8792,Jack,Support,86496
8793,Carol,Operations,56714
8794,Grace,Finance,100322
8795,Henry,Support,67494
8796,Frank,Marketing,102892
8797,Carol,IT,84451
8798,Eva,Operations,113600
8799,Henry,Marketing,51913
8800,Eva,Sales,49284
8801,David,Operations,48426
8802,Ivy,Engineering,69988
8803,Jack,HR,101050
8804,Ivy,Engineering,73866
8805,Ivy,Engineering,87749
8806,Ivy,Operations,50598
8807,Jack,Marketing,47775
8808,Grace,Sales,79907
8809,Jack,Finance,119568
8810,Ivy,IT,118929
8811,Alice,Sales,115006
8812,Alice,Support,105357
8813,Eva,Sales,90484
8814,Alice,IT,77495
8815,Eva,Engineering,116146
8816,Carol,Marketing,58926
8817,Henry,Engineering,118685
8818,Jack,Sales,104805
8819,Grace,Marketing,71268
8820,David,Support,112008
8821,Ivy,Marketing,98666
8822,Grace,IT,92149
8823,Alice,Engineering,58127
8824,Ivy,Sales,67895
8825,Jack,Engineering,87433
8826,David,Operations,48504
8827,Carol,Marketing,63278
8828,Bob,Operations,100838
8829,David,IT,114555
8830,David,Operations,83650
8831,Frank,Finance,110444
8832,Grace,HR,116402
8833,David,Marketing,81403
8834,Bob,Finance,110331
8835,Eva,Engineering,67803
8836,Grace,Operations,44979
8837,Bob,Engineering,47821
8838,Jack,IT,93128
8839,Frank,Marketing,90326
8840,Carol,Support,47294
8841,Frank,Sales,78870
8842,Jack,Engineering,45977
8843,Alice,Finance,69843
8844,Alice,Finance,83471
8845,Frank,Engineering,67347
8846,Eva,Support,48196
8847,Frank,Sales,81296
8848,Carol,HR,86980
8849,Alice,Engineering,51214
8850,Ivy,Support,81410
8851,Carol,Support,77338
8852,David,IT,67005
8853,Bob,Operations,58728
8854,Carol,Support,101564
8855,Ivy,Finance,102928
8856,Ivy,Support,82776
8857,Alice,IT,93775
8858,Grace,HR,114140
8859,David,Engineering,113928
8860,Jack,Sales,91881
8861,David,Operations,117232
8862,Jack,Sales,80107
8863,Grace,IT,93170
8864,Henry,Finance,94963
8865,Eva,Operations,59643
8866,Grace,Marketing,100399
8867,Grace,Sales,91014
8868,Jack,Marketing,70402
8869,Henry,Sales,98982
8870,Frank,IT,91107
8871,Bob,Support,41767
8872,Henry,Marketing,46692
8873,David,Engineering,116796
8874,Jack,HR,70246
8875,Eva,HR,58354
8876,Henry,Sales,73687
8877,Eva,Engineering,110681
8878,Jack,Engineering,93374
8879,David,Sales,87081
8880,Grace,Engineering,107883
8881,Alice,Engineering,107882
8882,Eva,Operations,53826
8883,Grace,IT,51691
8884,Bob,Operations,79860
8885,David,Engineering,88657
8886,Ivy,HR,44031
8887,Frank,Finance,74181
8888,Eva,Finance,83169
8889,Ivy,Engineering,59823
8890,Henry,Support,54565
8891,Bob,Engineering,111855
8892,Eva,Operations,53657
8893,Bob,Sales,96871
8894,Carol,Sales,70908
8895,David,Operations,83244
8896,Bob,Engineering,92506
8897,Frank,IT,66862
8898,David,HR,85471
8899,Carol,Finance,116011
8900,Grace,IT,76537
8901,Bob,IT,74449
8902,Ivy,Sales,43508
8903,Ivy,Sales,103506
8904,Grace,Engineering,53540
8905,Carol,Engineering,41545
8906,Frank,Sales,63293
8907,Ivy,Operations,113814
8908,Frank,Engineering,104519
8909,Frank,Finance,110916
8910,Frank,Operations,48456
8911,Henry,Support,47251
8912,Grace,Engineering,52298
8913,Frank,Support,119776
8914,Bob,Support,81248
8915,Ivy,HR,58902
8916,Frank,IT,65315
8917,Ivy,IT,101678
8918,David,Operations,104624
8919,Henry,Sales,72043
8920,Grace,Marketing,61455
8921,Carol,Marketing,99699
8922,Henry,Operations,69244
8923,Eva,Marketing,64988
8924,Eva,Finance,115947
8925,Jack,IT,41926
8926,Ivy,Operations,48712
8927,Frank,HR,95062
8928,David,Support,95855
8929,Henry,Support,85756
8930,Eva,Finance,106895
8931,Grace,IT,113680
8932,Henry,Marketing,83884
8933,David,Operations,91314
8934,Alice,Finance,79093
8935,Carol,Sales,57070
8936,Alice,IT,115476
8937,Carol,Finance,115656
8938,Grace,Marketing,45269
8939,Alice,Engineering,54863
8940,Bob,Marketing,80217
8941,Frank,Marketing,50168
8942,Alice,Engineering,78035
8943,David,HR,78012
8944,Frank,Sales,62803
8945,Alice,Operations,102277
8946,Ivy,Finance,62712
8947,Carol,Marketing,109348
8948,Grace,Engineering,102262
8949,Ivy,Engineering,59944
8950,Jack,Sales,118009
8951,Ivy,HR,90765
8952,Grace,Sales,90536
8953,Bob,Operations,95368
8954,Frank,IT,114270
8955,Grace,Engineering,56834
8956,Frank,Marketing,62292
8957,Henry,Finance,86586
8958,Eva,Engineering,101604
8959,Alice,Sales,74539
8960,Frank,Support,84954
8961,Grace,Finance,105237
8962,Ivy,IT,94253
8963,Henry,Sales,60666
8964,David,Marketing,71667
8965,Henry,HR,105541
8966,David,HR,111120
8967,Carol,Engineering,52390
8968,Henry,Sales,56574
8969,Bob,Sales,112706
8970,Frank,Engineering,112253
8971,David,Engineering,101035
8972,Carol,Marketing,99129
8973,Ivy,Operations,58328
8974,Alice,Engineering,64062
8975,David,Operations,48243
8976,Grace,HR,105040
8977,Jack,Sales,83712
8978,Bob,Sales,109713
8979,Eva,Sales,57837
8980,Grace,Operations,66494
8981,Ivy,HR,44923
8982,David,Support,115616
8983,Ivy,Engineering,89413
8984,Grace,Sales,51241
8985,David,Finance,76885
8986,Grace,Marketing,85146
8987,Eva,IT,61021
8988,David,Marketing,95264
8989,Eva,Engineering,46137
8990,Ivy,Marketing,98879
8991,Jack,HR,64727
8992,David,Operations,41649
8993,Eva,HR,91183
8994,Henry,Sales,119684
8995,Carol,Finance,61768
8996,Carol,Finance,88013
8997,Eva,Support,117178
8998,Alice,Finance,40967
9001,Henry,Engineering,55520
9002,Ivy,Support,99509
9003,Carol,Support,100774
9004,Eva,Finance,47224
9005,Henry,HR,96621
9006,Alice,Marketing,104722
9007,Carol,Sales,73356
9008,Henry,Marketing,59404
9009,Ivy,Operations,107921
9010,Ivy,Marketing,88262
9011,Henry,Engineering,62519
9012,Alice,Marketing,115224
9013,Henry,Operations,69452
9014,Eva,Sales,99902
9015,Frank,Operations,42752
9016,Jack,Support,41051
9017,Alice,Sales,82439
9018,Eva,Operations,65899
9019,Bob,IT,115993
9020,Bob,Marketing,68836
9021,Ivy,Support,58270
9022,Carol,IT,44781
9023,Bob,Operations,53135
9024,David,Sales,45085
9025,Henry,Engineering,59715
9026,Ivy,Support,99565
9027,Bob,Finance,70791
9028,Frank,Support,76572
9029,David,IT,84070
9030,Bob,Sales,83620
9031,David,Engineering,83227
9032,Ivy,Finance,45310
9033,Eva,Marketing,65558
9034,David,HR,77805
9035,David,Operations,86178
9036,Eva,Operations,85917
9037,Bob,Engineering,100866
9038,Henry,Operations,113148
9039,David,Finance,69243
9040,Frank,Marketing,108773
9041,Eva,Operations,87310
9042,Grace,Engineering,97103
9043,Grace,IT,102971
9044,Alice,Marketing,68933
9045,Frank,IT,76230
9046,Eva,Support,68021
9047,Carol,Sales,102252
9048,Frank,IT,102210
9049,Jack,Marketing,50899
9050,Grace,HR,85986
9051,Eva,Operations,64445
9052,Jack,Engineering,106489
9053,Frank,Support,74022
9054,Henry,Finance,82651
9055,Grace,HR,63765
9056,Jack,Operations,74894
9057,Henry,Sales,68794
9058,Eva,Sales,105132
9059,Carol,Engineering,87681
9060,Frank,Marketing,103793
9061,Bob,Operations,103890
9062,Bob,Finance,119210
9063,Henry,Marketing,67108
9064,Jack,Sales,86952
9065,Frank,IT,53498
9066,David,Engineering,100069
9067,Alice,HR,96098
9068,Eva,Support,59720
9069,Frank,Finance,110067
9070,David,HR,51064
9071,Eva,Sales,90950
9072,Grace,Marketing,69551
9073,Carol,Finance,42307
9074,Eva,Operations,104934
9075,Carol,HR,55303
9076,Henry,Sales,109696
9077,Alice,Marketing,67040
9078,Grace,IT,80348
9079,Ivy,HR,74003
9080,Jack,Operations,85286
9081,Frank,Finance,107693
9082,Bob,Marketing,93407
9083,Jack,Sales,77629
9084,Ivy,Sales,81284
9085,Frank,IT,119525
9086,Bob,Finance,111440
9087,Ivy,Finance,85968
9088,Frank,IT,42884
9089,Jack,Marketing,44121
9090,Carol,Support,77585
9091,Eva,Support,114887
9092,Ivy,Finance,41453
9093,Bob,Finance,109680
9094,Eva,Marketing,94284
9095,Ivy,IT,116875
9096,Ivy,Engineering,111839
9097,Alice,Operations,78146
9098,Bob,Finance,59165
9099,Carol,Operations,97858
9100,Alice,Finance,48379
9101,Grace,HR,79784
9102,Frank,Support,43657
9103,Frank,Finance,82112
9104,Henry,Finance,94700
9105,Alice,Support,48715
9106,Carol,Operations,100779
9107,Grace,Sales,70014
9108,Carol,Engineering,40395
9109,Ivy,Marketing,40094
9110,Carol,HR,94245
9111,Henry,IT,112685
9112,Bob,Support,54534
9113,Carol,Operations,114378
9114,Jack,IT,73948
9115,Carol,Support,64304
9116,Alice,Sales,88091
9117,Grace,Operations,58207
9118,David,Operations,108824
9119,Frank,Engineering,87813
9120,Bob,HR,74557
9121,Grace,Sales,60522
9122,Henry,Finance,102954
9123,Frank,Engineering,58198
9124,Jack,HR,89372
9125,Jack,IT,115512
9126,Grace,IT,97096
9127,Ivy,HR,95379
9128,Eva,Engineering,75580
9129,Carol,HR,47619
9130,Carol,IT,53117
9131,Eva,Operations,113499
9132,Henry,Sales,79360
9133,Frank,IT,102685
9134,Henry,Finance,60190
9135,Jack,HR,106560
9136,Frank,IT,112842
9137,Frank,Operations,86070
9138,David,Finance,49964
9139,Eva,Engineering,47437
9140,Eva,Sales,105599
9141,Ivy,Engineering,106171
9142,Carol,Finance,102681
9143,Carol,HR,41105
9144,Eva,Sales,119463
9145,Ivy,Operations,62166
9146,Grace,Support,98990
9147,Ivy,Engineering,99681
9148,Frank,Engineering,58047
9149,Henry,Marketing,91869
9150,Eva,Operations,102971
9151,Henry,Engineering,107331
9152,Henry,IT,75463
9153,Henry,HR,90259
9154,Eva,IT,110963
9155,Carol,Sales,53117
9156,Jack,Operations,62670
9157,David,Finance,102022
9158,Bob,Marketing,85842
9159,Eva,Support,69831
9160,Henry,Sales,88106
9161,Jack,Engineering,96919
9162,Henry,Support,42103
9163,Jack,IT,61349
9164,Alice,IT,49496
9165,Frank,Operations,69294
9166,Henry,Sales,56232
9167,Grace,Sales,52410
9168,Bob,Engineering,114553
9169,Jack,HR,70357
9170,David,Engineering,112824
9171,Eva,Engineering,104844
9172,Grace,Sales,54293
9173,Bob,HR,57216
9174,Carol,Operations,47990
9175,Eva,Finance,41953
9176,Alice,Support,43080
9177,Eva,Support,118426
9178,Ivy,Finance,58345
9179,Frank,Support,116358
9180,David,Marketing,88955
9181,Jack,Support,96122
9182,Jack,Marketing,100506
9183,Grace,IT,111627
9184,Ivy,HR,100695
9185,Frank,Finance,109343
9186,Grace,Marketing,97721
9187,Grace,Marketing,72442
9188,Ivy,Sales,63509
9189,Frank,Finance,92490
9190,Carol,Finance,60380
9191,Frank,IT,100603
9192,Eva,Engineering,43713
9193,Henry,IT,70531
9194,Ivy,Finance,67878
9195,Frank,Operations,66283
9196,Frank,Finance,100595
9197,Grace,Marketing,87579
9198,David,Engineering,103705
9199,Carol,Finance,92154
9200,Frank,Marketing,46758
9201,Henry,Operations,114436
9202,Frank,Support,81772
9203,Alice,Support,69972
9204,Grace,Support,49287
9205,Frank,Finance,113204
9206,Eva,Operations,84885
9207,Frank,Marketing,114878
9208,Bob,Sales,65371
9209,Henry,HR,108407
9210,Grace,IT,75906
9211,Henry,Sales,56636
9212,Eva,Support,78604
9213,Jack,HR,90196
9214,Alice,Sales,52836
9215,Ivy,IT,56787
9216,Henry,Sales,119793
9217,David,Finance,115733
9218,Frank,Finance,53955
9219,Henry,Engineering,47806
9220,Carol,Finance,80158
9221,Bob,HR,42618
9222,Henry,Sales,51244
9223,Carol,Support,92334
9224,David,HR,91826
9225,Grace,Sales,73135
9226,Alice,Operations,68014
9227,Henry,IT,52897
9228,Carol,HR,116191
9229,David,Marketing,112990
9230,Ivy,Sales,94619
9231,Eva,HR,70773
9232,Eva,Finance,85271
9233,Frank,Finance,67226
9234,Jack,Sales,109162
9235,Carol,Support,57355
9236,Bob,Sales,106653
9237,Henry,Marketing,84763
9238,David,Support,45546
9239,Jack,Support,108228
9240,Carol,Finance,67135
9241,Jack,IT,50202
9242,Henry,HR,94774
9243,Carol,Sales,105706
9244,Henry,Marketing,93007
9245,Eva,IT,75482
9246,Jack,Finance,113481
9247,Frank,HR,100881
9248,Bob,Operations,64645
9249,David,Marketing,51178
9250,Alice,Support,69589
9251,Eva,Marketing,86041
9252,Grace,Engineering,112192
9253,Jack,Finance,83535
9254,Alice,IT,67292
9255,Eva,Operations,53948
9256,Carol,Finance,117437
9257,Frank,Finance,74210
9258,Grace,Sales,89639
9259,Jack,Engineering,71149
9260,Ivy,Operations,117094
9261,Bob,Sales,86686
9262,Alice,IT,119090
9263,Ivy,Operations,72887
9264,Frank,Marketing,99096
9265,Ivy,Support,66746
9266,Ivy,Support,73148
9267,Carol,Engineering,70323
9268,Eva,Engineering,101781
9269,Ivy,IT,90140
9270,Frank,Finance,89473
9271,Ivy,HR,78358
9272,Carol,Finance,106960
9273,Ivy,Sales,101212
9274,Eva,Operations,106849
9275,Ivy,IT,70296
9276,Bob,Marketing,93557
9277,Carol,Operations,70977
9278,Ivy,Sales,97868
9279,Jack,Marketing,119729
9280,Bob,Engineering,60619
9281,Frank,Marketing,45466
9282,Jack,Operations,78845
9283,Ivy,Operations,53552
9284,Eva,Finance,94076
9285,Grace,Marketing,86244
9286,Frank,Sales,57652
9287,David,Finance,61861
9288,Alice,IT,117019
9289,Bob,HR,40973
9290,Bob,Finance,41713
9291,Henry,Support,113718
9292,Grace,Marketing,116362
9293,Bob,Sales,92079
9294,Eva,Engineering,73171
9295,Eva,IT,114297
9296,Jack,Marketing,80268
9297,Jack,Sales,94719
9298,Eva,Sales,109370
9299,Eva,Support,65370
9300,Carol,Engineering,103859
9301,Eva,Support,92436
9302,Eva,Support,71594
9303,Henry,Finance,49457
9304,Frank,Engineering,50140
9305,Jack,Sales,109302
9306,Ivy,Engineering,53968
9307,Bob,Sales,40512
9308,Jack,Engineering,77358
9309,Ivy,Support,114717
9310,David,Finance,90971
9311,Jack,Sales,86688
9312,Bob,Sales,76152
9313,Bob,Sales,69302
9314,Eva,Sales,118025
9315,Eva,Marketing,86808
9316,Frank,Sales,118804
9317,Ivy,Engineering,102548
9318,David,Operations,44121
9319,Frank,Engineering,99153
9320,Carol,Support,58305
9321,Ivy,IT,82576
9322,Carol,Sales,67903
9323,Alice,Support,104244
9324,Alice,Sales,51351
9325,David,IT,103333
9326,David,Sales,110603
9327,Frank,Engineering,88126
9328,David,Finance,55923
9329,Henry,Marketing,116375
9330,Carol,Engineering,89127
9331,Jack,Marketing,109527
9332,Frank,Marketing,56527
9333,Carol,IT,66686
9334,Eva,Engineering,93475
9335,Alice,HR,100551
9336,David,Finance,114413
9337,Frank,Sales,106366
9338,Jack,Operations,86723
9339,Henry,IT,41095
9340,Eva,Operations,82604
9341,David,Sales,111270
9342,Henry,Marketing,100399
9343,Henry,Engineering,59316
9344,Bob,Marketing,83079
9345,Ivy,HR,94279
9346,Henry,Engineering,82740
9347,Eva,Marketing,115455
9348,Grace,Finance,108750
9349,Henry,Engineering,94628
9350,David,Support,63370
9351,Frank,Engineering,54282
9352,David,Marketing,44919
9353,Henry,Marketing,46650
9354,Jack,IT,69158
9355,Grace,HR,102906
9356,David,IT,105549
9357,Carol,IT,55829
9358,Henry,Support,114273
9359,Ivy,Support,62069
9360,Carol,IT,110295
9361,Ivy,Engineering,64859
9362,Carol,Finance,50213
9363,Carol,Sales,49050
9364,Eva,Marketing,99484
9365,Bob,Marketing,90704
9366,Henry,HR,78317
9367,David,HR,41289
9368,Frank,Engineering,43011
9369,Henry,Support,96805
9370,Jack,Marketing,75603
9371,Bob,Support,77310
9372,Henry,Engineering,49498
9373,Eva,Support,71476
9374,Bob,IT,95813
9375,Alice,Operations,98657
9376,Jack,Finance,105570
9377,Carol,IT,64430
9378,Jack,Marketing,104378
9379,David,IT,54514
9380,Eva,Finance,98665
9381,Alice,IT,73261
9382,Jack,Finance,41249
9383,Bob,Engineering,117900
9384,Alice,Operations,85622
9385,Carol,IT,108229
9386,Grace,Marketing,81480
9387,Frank,Finance,118916
9388,Alice,IT,116486
9389,Eva,HR,87941
9390,Bob,Engineering,65458
9391,Ivy,Support,118412
9392,Ivy,HR,94752
9393,Bob,IT,70396
9394,Carol,Engineering,47295
9395,Ivy,Marketing,111947
9396,David,IT,98526
9397,Alice,HR,57467
9398,Frank,Support,43097
9399,Eva,Sales,40483
9400,Ivy,Finance,97038
9401,Alice,Marketing,59044
9402,Carol,Finance,111663
9403,Bob,HR,108318
9404,Alice,Finance,59130
9405,Henry,Engineering,59707
9406,Ivy,Marketing,112648
9407,Jack,HR,80287
9408,Henry,Support,106925
9409,Carol,Operations,84800
9410,Frank,Sales,69482
9411,Frank,Sales,62897
9412,Bob,HR,40092
9413,Eva,Engineering,50881
9414,Carol,Engineering,90252
9415,Ivy,Operations,86629
9416,Eva,Marketing,88603
9417,Henry,Sales,112800
9418,Eva,Operations,44539
9419,Alice,Sales,68568
9420,Grace,Finance,42884
9421,Frank,IT,95592
9422,Alice,Engineering,106515
9423,Ivy,Marketing,110267
9424,Jack,Engineering,46000
9425,Ivy,Sales,89290
9426,Grace,Operations,74237
9427,Henry,IT,108878
9428,Carol,HR,58105
9429,Jack,Operations,99524
9430,Eva,Finance,86415
9431,Henry,Marketing,96683
9432,David,Marketing,79168
9433,Ivy,Engineering,97970
9434,Frank,Engineering,84957
9435,Jack,Marketing,45264
9436,Grace,IT,63076
9437,Ivy,HR,106537
9438,Jack,Sales,77142
9439,Alice,Operations,90575
9440,David,Finance,113640
9441,David,Operations,44789
9442,Henry,Sales,114672
9443,Bob,Marketing,102481
9444,Jack,Engineering,86674
9445,Henry,Support,110854
9446,Eva,HR,106576
9447,Jack,Support,102859
9448,David,Finance,50605
9449,Henry,Finance,107700
9450,Frank,Support,87033
9451,Alice,Operations,117186
9452,Grace,Marketing,76129
9453,Eva,Marketing,82947
9454,Henry,HR,59514
9455,David,Support,54901
9456,Alice,Support,61832
9457,Alice,Operations,103285
9458,Ivy,Engineering,59717
9459,Grace,Engineering,108883
9460,David,Operations,69404
9461,Jack,Finance,59891
9462,Frank,Engineering,57335
9463,Bob,IT,96964
9464,Alice,HR,102322
9465,Alice,Support,66748
9466,Frank,Operations,110240
9467,Carol,IT,47362
9468,Frank,Operations,44804
9469,David,Engineering,119573
9470,Grace,HR,73383
9471,Bob,Marketing,43590
9472,Jack,Operations,81671
9473,Eva,HR,53031
9474,Frank,HR,100704
9475,Carol,Sales,105131
9476,David,IT,101111
9477,David,Support,96942
9478,Jack,HR,91090
9479,Bob,Sales,54230
9480,Alice,HR,82624
9481,Ivy,Engineering,95244
9482,Bob,Marketing,86109
9483,Bob,Engineering,94797
9484,Frank,Sales,107273
9485,Bob,Operations,107862
9486,Eva,Operations,113507
9487,Alice,IT,75899
9488,Jack,Finance,113354
9489,Alice,Operations,52369
9490,Eva,Finance,115366
9491,Grace,IT,91541
9492,Alice,Finance,61289
9493,Frank,Sales,61721
9494,David,Sales,56714
9495,Jack,Marketing,93649
9496,Grace,Marketing,110393
9497,Ivy,Operations,118694
9498,David,Sales,103325
9499,Ivy,Marketing,96995
9500,Alice,IT,89995
9501,Frank,IT,56209
9502,Jack,Sales,65448
9503,Henry,Sales,64919
9504,Eva,Engineering,41964
9505,David,Marketing,87349
9506,Jack,Finance,43495
9507,Grace,HR,101192
9508,Jack,HR,45207
9509,Alice,Support,111453
9510,Grace,Finance,60891
9511,Alice,HR,79507
9512,Henry,Operations,43285
9513,Carol,Sales,103418
9514,Carol,Finance,55676
9515,David,Marketing,59581
9516,Frank,Engineering,106919
9517,David,Sales,100088
9518,Ivy,Sales,116479
9519,Grace,HR,65149
9520,Bob,HR,49520
9521,Henry,Finance,97474
9522,Alice,HR,90607
9523,David,Operations,62962
9524,Bob,Support,86255
9525,Alice,Sales,108344
9526,David,Engineering,55224
9527,Jack,Marketing,42333
9528,Grace,IT,64273
9529,Bob,HR,100725
9530,Jack,HR,109862
9531,Eva,Support,108981
9532,Grace,Sales,115021
9533,Bob,Sales,92329
9534,Bob,HR,111363
9535,Grace,IT,101196
9536,Frank,Engineering,90325
9537,Frank,Sales,77323
9538,David,Engineering,43674
9539,Frank,Support,73226
9540,Bob,Sales,79810
9541,Bob,HR,64099
9542,Bob,Engineering,119810
9543,Alice,Sales,82416
9544,Jack,Engineering,110837
9545,Bob,Operations,114918
9546,Carol,Support,75974
9547,Frank,Sales,40791
9548,Bob,Support,71613
9549,Carol,HR,94815
9550,Ivy,IT,107686
9551,Carol,Operations,87959
9552,Ivy,Operations,42781
9553,Eva,Operations,105627
9554,Carol,Finance,58294
9555,Carol,Support,43936
9556,Ivy,Finance,77914
9557,Henry,IT,76704
9558,Alice,Support,108370
9559,Eva,Engineering,61592
9560,Henry,Finance,105487
9561,Henry,IT,87861
9562,Grace,Operations,114201
9563,Eva,IT,63633
9564,Eva,Engineering,85799
9565,Carol,Engineering,88870
9566,Ivy,Finance,105834
9567,Alice,Engineering,100422
9568,Alice,IT,77220
9569,Frank,Marketing,93163
9570,Eva,Marketing,96630
9571,Henry,Engineering,72603
9572,David,Marketing,113028
9573,Ivy,Support,45938
9574,Ivy,Operations,63714
9575,Bob,Engineering,106615
9576,David,Marketing,72428
9577,Henry,Sales,102825
9578,Eva,HR,47739
9579,Carol,Operations,76418
9580,Carol,Finance,94354
9581,Ivy,Operations,103148
9582,Bob,IT,97047
9583,Bob,IT,114562
9584,Bob,Operations,62943
9585,Jack,Finance,58403
9586,Henry,Operations,51132
9587,Jack,Sales,87940
9588,Alice,IT,72399
9589,Carol,Sales,67660
9590,Henry,HR,87103
9591,Henry,Sales,101671
9592,Grace,Operations,54132
9593,Frank,IT,106407
9594,Grace,Sales,119706
9595,Bob,IT,64270
9596,David,IT,92055
9597,Jack,Engineering,102449
9598,Eva,Finance,44367
9599,Bob,Engineering,116259
9600,Henry,Finance,86404
9601,Frank,Marketing,91711
9602,Henry,Finance,40041
9603,David,Support,45618
9604,Carol,HR,69498
9605,Alice,Support,80326
9606,David,Marketing,62772
9607,Ivy,Finance,119149
9608,Carol,Sales,89464
9609,Bob,Support,79449
9610,Ivy,Engineering,89880
9611,Jack,Sales,71810
9612,Bob,Support,107772
9613,Henry,Marketing,40665
9614,Frank,Support,69566
9615,Alice,Support,56752
9616,Ivy,Operations,55411
9617,Carol,Engineering,42334
9618,Alice,Engineering,46100
9619,Bob,Marketing,94145
9620,Frank,Finance,108498
9621,Carol,Support,117929
9622,Ivy,Engineering,47447
9623,Eva,Marketing,57361
9624,Grace,Sales,47749
9625,David,Engineering,50860
9626,Carol,Operations,110903
9627,Bob,Operations,106880
9628,Jack,Sales,93419
9629,Henry,HR,60743
9630,Alice,Marketing,44916
9631,Bob,Marketing,50660
9632,Alice,Engineering,93427
9633,Eva,Marketing,85525
9634,Frank,Engineering,78126
9635,Alice,Engineering,95788
9636,Eva,Support,93872
9637,Henry,Sales,85387
9638,Ivy,Finance,61115
9639,Carol,IT,67908
9640,Jack,Support,76205
9641,Carol,Marketing,46452
9642,Alice,Marketing,58489
9643,Grace,Support,58028
9644,Bob,Operations,47936
9645,Eva,Engineering,118460
9646,Henry,Finance,60733
9647,Jack,Finance,101954
9648,Henry,Operations,79857
9649,Ivy,HR,47571
9650,Carol,Support,94945
9651,Carol,Operations,111413
9652,David,Engineering,48031
9653,Frank,Operations,114273
9654,Frank,HR,114626
9655,Frank,Support,65707
9656,Grace,Sales,42598
9657,Frank,HR,99971
9658,Alice,HR,90227
9659,Grace,Finance,49406
9660,Alice,Marketing,111461
9661,Frank,Engineering,109510
9662,David,IT,40145
9663,Grace,Sales,53539
9664,Bob,HR,83220
9665,Grace,IT,46931
9666,Henry,Operations,108600
9667,Ivy,Marketing,64274
9668,Alice,Operations,115316
9669,Grace,Engineering,51991
9670,Carol,Engineering,114220
9671,Eva,IT,84384
9672,Jack,Finance,97593
9673,Ivy,Operations,50378
9674,Jack,Finance,78077
9675,Frank,Finance,75631
9676,Bob,HR,115203
9677,Eva,Sales,65270
9678,Henry,Operations,93685
9679,Ivy,Sales,95131
9680,Henry,Engineering,72761
9681,Bob,Operations,52603
9682,Alice,Finance,116741
9683,Bob,Marketing,76915
9684,Jack,Support,86407
9685,Henry,Finance,112952
9686,Henry,Support,76356
9687,David,Marketing,108914
9688,Ivy,Operations,64404
9689,Eva,Marketing,47232
9690,Bob,Finance,57643
9691,Carol,Operations,117660
9692,Jack,Sales,47362
9693,Alice,IT,50973
9694,Eva,IT,83790
9695,Jack,Support,102929
9696,Frank,Finance,64171
9697,Alice,Finance,119703
9698,Henry,HR,103046
9699,Carol,Support,65225
9700,Alice,Engineering,62305
9701,Bob,Operations,49194
9702,Ivy,Operations,98957
9703,Jack,IT,66586
9704,Grace,Marketing,48813
9705,Alice,IT,70086
9706,Bob,Operations,111890
9707,Jack,Engineering,63151
9708,Alice,Support,91586
9709,Frank,Marketing,85019
9710,Alice,Sales,45817
9711,Eva,Engineering,62115
9712,Alice,Finance,79713
9713,Grace,HR,56231
9714,Jack,Operations,92879
9715,Frank,HR,108184
9716,Grace,Sales,46231
9717,Grace,IT,45041
9718,Alice,Support,62885
9719,Frank,IT,59710
9720,David,Engineering,98946
9721,David,Support,113803
9722,Eva,Operations,74872
9723,Ivy,Operations,92228
9724,Henry,Sales,85233
9725,David,Marketing,92073
9726,Eva,Operations,68317
9727,Eva,Marketing,65036
9728,Frank,IT,60143
9729,Eva,Engineering,79758
9730,Henry,Engineering,40426
9731,Ivy,IT,72864
9732,Jack,Sales,58865
9733,Alice,HR,99484
9734,Eva,Finance,85833
9735,Jack,HR,63725
9736,Frank,Sales,115195
9737,Ivy,Support,72118
9738,Eva,Operations,47799
9739,Grace,Finance,66996
9740,Henry,Finance,118465
9741,Bob,Operations,88730
9742,Jack,Marketing,63074
9743,Bob,Engineering,79216
9744,David,HR,86036
9745,Carol,Operations,94087
9746,Frank,Support,74066
9747,Ivy,Marketing,96026
9748,Eva,Sales,114626
9749,Frank,Finance,40377
9750,Eva,Engineering,51320
9751,Jack,Operations,102139
9752,Carol,Operations,100898
9753,Henry,Support,101135
9754,Ivy,Sales,89369
9755,Jack,Support,101101
9756,Grace,IT,112924
9757,Grace,Engineering,99963
9758,Alice,Operations,72126
9759,David,Sales,82611
9760,Bob,Finance,46090
9761,Grace,Sales,93168
9762,Frank,Support,74196
9763,Jack,Marketing,86501
9764,Henry,Sales,90180
9765,Bob,Operations,86225
9766,Carol,IT,69156
9767,Eva,Marketing,105736
9768,Alice,HR,72949
9769,Ivy,Finance,62226
9770,Carol,Marketing,90125
9771,Grace,Engineering,41316
9772,Alice,Operations,94884
9773,Eva,Support,115487
9774,Bob,Marketing,49596
9775,Henry,Finance,77666
9776,Alice,Support,112363
9777,Jack,Finance,83637
9778,Alice,Marketing,71660
9779,Frank,Engineering,56226
9780,Jack,HR,72583
9781,Frank,Sales,92549
9782,Alice,Sales,91554
9783,Frank,Support,52898
9784,Bob,Marketing,101937
9785,Grace,IT,83042
9786,Carol,Engineering,74144
9787,Alice,Marketing,84907
9788,Ivy,Support,66806
9789,Grace,Marketing,93735
9790,Bob,Finance,100203
9791,David,Sales,94670
9792,Eva,Sales,105796
9793,Carol,HR,119121
9794,Henry,Engineering,91420
9795,Carol,Marketing,104145
9796,Grace,Engineering,92164
9797,Grace,Support,102195
9798,Frank,Operations,85972
9799,Bob,Support,102940
9800,Eva,IT,48444
9801,Henry,Support,85496
9802,Frank,Finance,49789
9803,Bob,HR,94938
9804,Frank,IT,52005
9805,Henry,Support,45867
9806,Bob,Sales,113185
9807,Carol,Sales,40729
9808,Henry,Support,110899
9809,Alice,Engineering,56764
9810,Jack,Support,42930
9811,David,Marketing,104905
9812,Henry,Finance,85147
9813,Eva,Marketing,58190
9814,Eva,Finance,94157
9815,Jack,Marketing,103047
9816,Bob,Operations,119498
9817,Bob,Operations,112194
9818,Bob,Support,92740
9819,Henry,IT,84442
9820,David,Engineering,94371
9821,Frank,Engineering,62316
9822,Carol,IT,98063
9823,Henry,Engineering,42488
9824,Frank,Support,71947
9825,Henry,Sales,87481
9826,Jack,Engineering,89228
9827,Henry,Engineering,55368
9828,Frank,Operations,43164
9829,Ivy,Support,51603
9830,Frank,Support,53368
9831,Frank,Support,108587
9832,Alice,HR,81098
9833,Grace,Sales,76199
9834,Grace,Sales,71484
9835,Ivy,Sales,53540
9836,David,Support,101309
9837,Ivy,Support,101183
9838,David,HR,65125
9839,Alice,HR,103983
9840,Alice,Sales,104549
9841,Grace,IT,118578
9842,Jack,Operations,96039
9843,Bob,Marketing,83295
9844,Carol,HR,83461
9845,David,IT,97275
9846,Alice,Sales,62101
9847,Bob,HR,68497
9848,Bob,Marketing,101784
9849,Ivy,Marketing,40777
9850,Alice,HR,109474
9851,David,Support,61445
9852,Grace,Sales,49465
9853,Eva,IT,91923
9854,Alice,IT,117449
9855,Frank,Finance,68788
9856,Henry,Sales,105529
9857,Frank,Operations,71939
9858,Eva,Operations,94792
9859,Grace,Marketing,91001
9860,Grace,IT,86433
9861,Grace,HR,99841
9862,Carol,Marketing,48295
9863,Bob,Support,118213
9864,Frank,HR,60550
9865,Eva,Sales,42685
9866,Frank,Marketing,112758
9867,Henry,Engineering,113642
9868,Eva,HR,59897
9869,Henry,Marketing,115286
9870,Eva,Operations,110744
9871,Eva,Finance,109552
9872,Bob,Finance,103188
9873,Ivy,Engineering,57826
9874,David,Finance,105847
9875,Carol,HR,63982
9876,Frank,Finance,44503
9877,David,Sales,66487
9878,Ivy,Support,75767
9879,Jack,Engineering,106416
9880,Bob,Operations,116095
9881,Henry,HR,102390
9882,Ivy,Operations,73326
9883,Bob,Sales,89453
9884,Bob,Engineering,96955
9885,Carol,Finance,108396
9886,Frank,Support,87265
9887,Ivy,Marketing,48379
9888,Jack,Support,72643
9889,Alice,Support,87554
9890,Alice,HR,92709
9891,David,IT,43611
9892,Bob,Finance,44410
9893,Ivy,Support,44523
9894,Bob,HR,62309
9895,Frank,Support,71017
9896,Frank,IT,65110
9897,Grace,Sales,104640
9898,Grace,Support,85012
9899,Bob,HR,118568
9900,Eva,Engineering,56756
9901,Carol,Engineering,112313
9902,Ivy,Operations,49795
9903,Jack,IT,97784
9904,Jack,Engineering,40875
9905,Alice,Engineering,42304
9906,Bob,Sales,96916
9907,Grace,Finance,95475
9908,David,Operations,93994
9909,Grace,HR,67052
9910,Ivy,IT,56788
9911,Eva,Support,97328
9912,Alice,Marketing,71466
9913,Jack,Operations,116379
9914,Ivy,Support,99015
9915,Eva,HR,103381
9916,Bob,Sales,99296
9917,Henry,Marketing,105376
9918,Jack,Marketing,75653
9919,Ivy,HR,99259
9920,Carol,Sales,45025
9921,Ivy,Sales,45073
9922,Grace,IT,109530
9923,Frank,Support,96578
9924,Bob,Sales,114577
9925,Henry,Engineering,83778
9926,Bob,Sales,119944
9927,Alice,Marketing,75009
9928,Bob,HR,81847
9929,Frank,Marketing,69704
9930,Alice,Sales,117790
9931,David,IT,114562
9932,Alice,Support,100895
9933,Carol,IT,103471
9934,Grace,Finance,75359
9935,Bob,Marketing,46217
9936,David,Engineering,104264
9937,Bob,Marketing,99673
9938,David,HR,113623
9939,Henry,Operations,95910
9940,David,Support,96062
9941,Bob,Finance,46438
9942,Grace,Finance,62703
9943,Alice,Support,103976
9944,David,Support,90731
9945,David,Sales,87386
9946,Frank,Support,84944
9947,Bob,Operations,65745
9948,Alice,Support,84999
9949,Carol,Finance,57289
9950,Ivy,Support,46504
9951,Jack,IT,97625
9952,Bob,Engineering,44403
9953,Eva,Sales,42893
9954,David,Operations,104420
9955,Jack,Marketing,64566
9956,Jack,HR,92120
9957,Ivy,HR,110276
9958,Ivy,Finance,104280
9959,David,Sales,43067
9960,Frank,Marketing,109242
9961,Grace,Marketing,68146
9962,David,Marketing,44285
9963,Henry,Sales,64410
9964,Bob,HR,90968
9965,Frank,Operations,68195
9966,Ivy,Support,44041
9967,Alice,Operations,66245
9968,Grace,Sales,119046
9969,Alice,Engineering,51847
9970,Henry,Support,88140
9971,Alice,Sales,118054
9972,Eva,Marketing,99654
9973,Grace,Marketing,77204
9974,Eva,Operations,84839
9975,Eva,Engineering,61351
9976,Carol,Engineering,46105
9977,Bob,Support,61936
9978,Carol,Finance,85715
9979,David,HR,107301
9980,Jack,Operations,89050
9981,Grace,Finance,92438
9982,Bob,Finance,51740
9983,Frank,Support,89605
9984,Carol,HR,80297
9985,Eva,Sales,45233
9986,Alice,Operations,63471
9987,Bob,Engineering,74594
9988,Ivy,Support,74935
9989,Eva,IT,59138
9990,Ivy,Support,105658
9991,Alice,Engineering,105393
9992,Frank,Marketing,53590
9993,Bob,Sales,59942
9994,Grace,Operations,102744
9995,Frank,Sales,83128
9996,Henry,IT,55538
9997,Bob,Engineering,101245
9998,Carol,Finance,101505
9999,Grace,Support,105630
10000,Eva,Sales,118053
